user_id,y,R,G,B1,L,A,B,H,S,V
./black/face_dev_18508.jpg,5,154.655,146.328,131.67,79.0111,130.428,145.052,19.0984,117.646,85.6682
./black/face_dev_17279.png,5,176.859,146.252,132.811,118.107,143.772,146.426,9.01995,114.56,144.268
./black/face_dev_17160.png,5,129.657,125.008,116.675,99.9628,129.238,135.613,18.627,48.7258,99.3992
./black/face_dev_17770.png,5,170.377,153.059,142.924,149.019,134.391,137.671,11.8593,53.8473,158.078
./black/face_dev_17526.png,5,146.344,118.156,94.1504,115.126,137.925,148.926,13.7217,115.93,133.709
./black/face_dev_18315.png,5,167.398,154.153,145.106,140.025,133.094,137.073,16.4978,51.8682,146.154
./black/face_dev_19156.png,5,154.755,125.217,110.896,120.656,139.584,142.877,9.75275,94.2782,139.556
./black/face_dev_17172.png,5,166.563,149.692,139.946,121.162,135.625,139.423,11.2315,72.8773,132.397
./black/face_dev_15868.png,5,135.254,122.074,106.51,104.815,132.159,141.821,16.4353,83.2748,111.624
./black/face_dev_17283.png,5,158.645,129.268,115.798,116.543,140.956,143.637,9.22318,101.964,137.585
./black/face_dev_17573.png,5,166.461,127.417,103.082,124.073,143.525,151.768,11.3705,127.32,152.305
./black/face_dev_16385.png,5,151.22,128.135,121.292,125.906,137.389,136.474,22.5628,63.5244,138.539
./black/face_dev_18405.jpg,5,169.076,142.014,118.073,139.859,136.048,147.399,14.0396,95.4914,156.554
./black/face_dev_16081.png,5,156.24,135.198,122.272,106.578,138.081,143.372,11.2595,100.666,122.784
./black/face_dev_16066.png,5,142.076,116.377,99.2754,106.255,138.511,145.148,11.8219,107.998,123.844
./black/face_dev_19151.png,5,163.368,136.253,120.667,132.771,138.806,143.534,10.7696,88.0422,151.044
./black/face_dev_19009.jpg,5,173.655,155.499,145.696,142.659,135.539,138.671,14.0923,61.4548,154.338
./black/face_dev_15531.png,5,138.282,115.65,98.8318,100.466,137.186,144.75,12.6786,108.896,115.943
./black/face_dev_15812.png,5,114.378,106.628,94.5693,86.562,130.319,138.63,18.055,73.031,89.6233
./black/face_dev_17277.png,5,144.471,103.324,84.8253,112.834,144.152,146.976,9.09917,119.25,139.384
./black/face_dev_18824.png,5,161.606,139.83,120.015,124.057,135.986,146.585,14.162,99.0531,139.077
./black/face_dev_16051.png,5,154.023,122.106,94.3758,120.392,138.892,151.618,13.8424,123.826,141.525
./black/face_dev_16858.png,5,156.888,133.808,121.594,134.467,136.07,139.399,10.2955,69.5359,146.79
./black/face_dev_18721.png,5,133.51,119.052,104.89,84.7671,133.129,142.222,14.9729,101.94,94.0494
./black/face_dev_17454.png,5,153.86,128.94,112.231,108.886,138.888,145.885,11.79,109.6,127.513
./black/face_dev_17807.png,5,152.498,127.652,111.039,116.881,137.742,144.39,11.9341,98.4232,133.286
./black/face_dev_16327.png,5,177.474,147.064,124.486,143.847,138.155,147.744,12.7715,98.0657,164.219
./black/face_dev_18382.png,5,162.404,140.209,122.587,131.209,135.744,143.901,13.0213,85.3624,145.144
./black/face_dev_16127.png,5,148.071,132.752,128.363,115.327,135.599,134.712,23.1046,54.2691,123.565
./black/face_dev_16912.png,5,135.767,130.192,124.359,92.2682,130.121,134.172,15.7542,45.2493,92.4252
./black/face_dev_19141.jpg,5,155.281,147.012,146.225,135.613,132.279,130.676,57.6474,25.0998,136.213
./black/face_dev_18133.jpg,5,174.019,159.964,159.046,157.106,133.86,130.94,71.7119,30.8166,161.652
./black/face_dev_18325.png,5,195.094,163.982,144.389,148.762,141.222,149.099,11.3308,102.491,174.361
./black/face_dev_16717.png,5,166.236,137.992,119.49,140.144,137.123,143.833,11.8133,84.9021,156.864
./black/face_dev_16690.png,5,175.796,156.384,140.565,130.577,135.49,144.413,13.4366,88.009,144.37
./black/face_dev_18816.png,5,154.785,128.544,106.509,122.208,137.638,147.822,13.4988,106.9,140.073
./black/face_dev_18559.jpg,5,135.832,123.875,105.415,94.5274,131.175,144.396,17.9933,100.306,101.37
./black/face_dev_19162.jpg,5,154.63,126.171,115.235,104.974,141.699,142.317,8.15354,104.876,126.102
./black/face_dev_16997.png,5,152.404,129.491,111.619,118.135,136.752,145.005,13.0176,97.6537,133.337
./black/face_dev_18108.jpg,5,143.132,118.812,96.9879,114.615,135.942,146.234,14.0932,104.192,129.828
./black/face_dev_17566.png,5,164.95,147.735,134.025,133.944,134.197,140.943,13.1186,71.2574,144.04
./black/face_dev_17339.png,5,145.855,132.781,123.278,120.601,132.688,136.949,12.7724,56.4936,125.928
./black/face_dev_17538.png,5,141.557,117.219,101.897,101.12,137.52,143.439,11.6354,105.553,118.119
./black/face_dev_17281.png,5,162.898,130.56,114.642,121.412,141.81,145.597,9.75793,106.81,144.56
./black/face_dev_18814.png,5,158.814,132.25,111.181,119.157,137.582,147.703,13.2888,109.532,136.991
./black/face_dev_16963.png,5,138.087,113.952,96.7576,106.999,136.443,143.71,12.4429,100.313,121.2
./black/face_dev_18799.png,5,155.93,129.576,108.266,119.16,137.91,147.88,13.3309,109.833,137.464
./black/face_dev_17287.png,5,150.967,113.909,96.5065,110.735,143.524,146.981,9.46316,120.452,136.327
./black/face_dev_18338.png,5,189.293,172.327,164.904,159.394,135.293,136.758,21.659,50.921,169.993
./black/face_dev_19192.jpg,5,152.249,119.004,103.089,117.244,140.838,144.18,9.60413,106.142,138.888
./black/face_dev_18512.jpg,5,118.482,109.165,92.0835,87.3899,130.224,142.284,19.3413,91.5133,92.0213
./black/face_dev_17515.png,5,158.738,135.826,121.063,116.385,137.258,143.416,11.7244,95.0343,131.88
./black/face_dev_19113.jpg,5,150.884,130.202,121.279,105.487,138.073,139.431,8.95323,87.3944,120.223
./black/face_dev_17034.png,5,141.798,116.941,100.641,106.144,138.216,144.493,11.7513,105.277,123.026
./cyan/face_dev_15466.png,3,193.28,179.527,166.281,114.356,135.871,147.952,14.6733,110.199,129.534
./cyan/face_dev_18951.jpg,3,174.607,154.624,129.44,135.909,133.703,149.887,16.5984,101.255,149.633
./cyan/face_dev_17844.png,3,162.436,137.151,111.261,133.953,135.725,149.03,15.1234,102.127,150.161
./cyan/face_dev_19014.jpg,3,144.248,124.452,100.227,112.253,133.541,147.81,16.4,107.521,124.051
./cyan/face_dev_16213.png,3,168.335,158.743,151.319,145.173,131.51,135.141,16.1179,39.1929,147.567
./cyan/face_dev_17874.png,3,146.359,138.236,119.44,121.357,128.821,142.822,20.8683,71.7579,123.485
./cyan/face_dev_18629.png,3,172.557,164.016,150.628,151.97,129.278,138.381,18.2839,46.4248,153.264
./cyan/face_dev_15490.png,3,138.505,114.424,93.8328,100.716,137.046,147.286,13.7222,118.222,117.077
./cyan/face_dev_17108.png,3,183.613,174.303,165.014,165.653,131.501,136.449,18.1176,38.6902,169.376
./cyan/face_dev_15541.png,3,145.414,130.638,114.806,108.247,133.11,142.793,15.4723,90.2636,117.24
./cyan/face_dev_16763.png,3,193.207,182.412,166.305,179.276,129.783,139.661,17.9534,45.35,183.819
./cyan/face_dev_16166.png,3,127.376,117.699,107.759,104.604,130.574,136.213,17.6351,55.9973,106.99
./cyan/face_dev_16039.png,3,159.771,138.047,111.957,125.724,134.247,149.828,16.269,108.126,139.742
./cyan/face_dev_15980.png,3,163.605,157.721,150.127,148.32,129.951,134.83,20.8554,34.5866,148.094
./cyan/face_dev_16211.png,3,168.179,160.053,154.216,142.895,131.76,134.096,26.7809,36.7073,145.029
./cyan/face_dev_19073.png,3,164.276,153.37,136.791,151.061,129.456,139.584,18.1121,51.9795,153.491
./cyan/face_dev_17011.png,3,162.726,141.602,117.947,127.612,134.038,148.163,15.9966,101.599,140.836
./cyan/face_dev_16697.png,3,163.758,153.479,141.872,145.882,131.081,137.678,17.5518,47.854,149.413
./cyan/face_dev_17092.png,3,136.092,126.513,113.523,122.288,131.138,138.613,17.6743,56.3457,125.455
./cyan/face_dev_18820.png,3,166.526,143.899,120.039,131.681,134.635,148.297,15.3943,100.513,146.105
./cyan/face_dev_16702.png,3,190.914,178.71,159.801,175.654,129.896,141.504,18.1999,52.0409,181.132
./cyan/face_dev_16090.png,3,125.361,119.605,109.983,106.75,129.702,136.059,18.1713,48.2576,106.674
./cyan/face_dev_19069.png,3,145.629,125.069,100.806,119.509,134.293,147.83,16.0157,102.966,132.331
./cyan/face_dev_18695.png,3,179.422,168.688,162.628,160.249,132.023,134.058,20.7888,34.2037,163.555
./cyan/face_dev_19064.png,3,182.681,174.878,157.083,169.642,129.035,140.859,20.5521,48.284,172.279
./cyan/face_dev_16181.png,3,136.394,125.6,115.286,106.133,131.252,137.252,19.1398,61.0949,110.032
./cyan/face_dev_16363.png,3,192.71,175.359,155.215,145.925,133.942,148.646,16.008,93.1111,160.133
./cyan/face_dev_19053.png,3,177.347,167.783,159.043,138.841,131.347,137.019,17.6385,48.8868,142.342
./cyan/face_dev_16383.png,3,217.02,187.316,162.911,187.663,137.318,148.101,13.398,79.7631,210.497
./cyan/face_dev_15716.png,3,146.508,142.89,140.972,129.45,130.55,131.55,32.0684,24.2445,127.624
./cyan/face_dev_16945.png,3,179.671,166.861,149.171,161.242,130.654,141.427,17.4188,57.2058,167.339
./cyan/face_dev_16295.png,3,185.124,160.882,150.49,160.566,136.969,138.615,12.3418,60.1993,175.338
./cyan/face_dev_16388.png,3,168.01,150.976,128.519,121.307,133.219,149.303,16.7581,107.154,133.499
./cyan/face_dev_16353.png,3,190.148,179.702,167.409,114.86,133.425,145.695,15.9531,96.4402,125.406
./cyan/face_dev_19054.png,3,209.138,201.416,190.448,166.224,130.657,141.032,17.3956,53.6438,171.882
./cyan/face_dev_16072.png,3,162.206,137.99,116.379,131.245,136.623,147.12,13.9641,97.0246,147.627
./cyan/face_dev_18567.jpg,3,112.774,103.674,84.267,79.5718,128.829,143.705,20.5729,105.659,83.4727
./cyan/face_dev_16774.png,3,198.32,180.642,155.959,164.34,132.37,149.488,17.4604,85.0712,177.591
./cyan/face_dev_17038.png,3,152.95,139.036,124.157,96.7061,133.979,144.405,15.306,103.155,107.57
./cyan/face_dev_19051.png,3,190.049,182.302,171.832,160.572,130.237,137.896,17.3759,43.2065,163.201
./cyan/face_dev_17799.png,3,159.126,135.267,111.003,127.216,135.48,148.491,15.0744,104.065,142.578
./cyan/face_dev_16568.png,3,188.67,178.65,168.822,168.139,131.573,137.186,15.3738,41.9111,173.073
./cyan/face_dev_16109.png,3,161.618,139.669,115.078,137.04,133.644,147,15.8865,91.5941,149.54
./cyan/face_dev_19071.png,3,174.379,164.459,148.608,158.028,129.892,139.945,18.2356,50.6949,161.321
./cyan/face_dev_18719.png,3,150.211,143.794,135.006,130.758,129.207,134.99,19.2404,37.5657,129.374
./normal/face_dev_17180.png,1,207.117,197.674,189.722,139.416,133.408,140.737,13.5515,66.9687,148.753
./normal/face_dev_16655.png,1,197.178,183.073,175.884,175.131,133.277,135.365,13.8241,38.6276,182.584
./normal/face_dev_17465.png,1,161.373,136.008,114.887,134.029,135.75,145.438,13.591,91.1311,149.082
./normal/face_dev_16046.png,1,172.284,145.844,127.725,127.827,139.287,147.174,12.0459,104.103,148.146
./normal/face_dev_16253.png,1,191.56,165.465,148.138,158.455,137.535,144.388,12.063,81.4674,177.103
./normal/face_dev_16635.png,1,178.373,153.53,140.75,151.631,136.861,140.247,11.9779,67.6075,166.717
./normal/face_dev_16060.png,1,153.419,131.176,113.519,117.611,136.519,144.958,13.146,97.0838,132.548
./normal/face_dev_19149.png,1,179.344,146.174,128.372,146.107,140.458,145.272,10.3207,91.3134,168.69
./normal/face_dev_18420.png,1,176.993,162.731,151.094,142.77,132.948,139.355,13.3583,60.6817,150.373
./normal/face_dev_15780.png,1,137.675,122.199,115.355,106.748,135.073,136.329,10.4391,63.1818,115.086
./normal/face_dev_16490.png,1,186.795,167.986,153.402,158.397,134.596,141.195,12.7409,66.713,171.389
./normal/face_dev_16748.png,1,188.508,163.6,148.151,148.652,138.024,144.196,11.3622,83.0844,167.172
./normal/face_dev_16549.png,1,167.165,144.148,130.258,141.428,136.742,141.172,11.1795,73.7307,155.932
./normal/face_dev_15584.png,1,216.097,177.613,157.115,175.397,142.806,148.415,10.2448,92.7704,206.022
./normal/face_dev_18964.png,1,199.35,180.215,160.395,179.881,133.174,143.172,15.0928,61.7989,192.132
./normal/face_dev_16413.png,1,184.791,174.179,166.485,168.57,131.404,134.863,19.3835,34.6566,171.855
./normal/face_dev_17126.png,1,142.748,131.833,116.02,124.559,130.449,140.261,17.9324,63.2447,127.973
./normal/face_dev_17168.png,1,174.64,157.835,141.317,148.353,132.498,141.698,14.8662,65.6207,156.957
./normal/face_dev_17938.png,1,170.637,143.104,125.584,134.439,138.866,145.411,11.509,94.1328,153.75
./normal/face_dev_16323.png,1,184.648,162.782,148.987,159.352,135.304,140.413,12.0873,64.2652,172.721
./normal/face_dev_18287.png,1,181.497,165.003,158.287,141.964,135.751,136.817,19.9097,56.9328,152.602
./normal/face_dev_16088.png,1,176.307,157.115,142.875,125.838,136.984,144.58,12.6382,92.5602,141.481
./normal/face_dev_17615.png,1,171.633,143.287,122.737,131.659,138.25,147.47,12.7778,102.89,151.348
./normal/face_dev_17441.png,1,187.132,167.246,155.753,160.346,135.645,139.394,10.9844,59.9195,173.107
./normal/face_dev_15693.png,1,168.639,146.54,133.46,136.137,137.126,141.512,10.8841,76.3282,150.985
./normal/face_dev_16277.png,1,199.989,179.38,169.898,170.711,136.482,138.717,9.9379,56.6385,185.234
./normal/face_dev_19117.jpg,1,153.77,134.312,126.826,119.382,136.252,136.884,10.5511,69.3114,131.212
./normal/face_dev_18264.png,1,147.218,122.139,100.881,120.484,136.381,146.107,13.8237,100.617,135.778
./normal/face_dev_18207.png,1,161.127,136.948,114.903,122.582,136.072,147.903,14.4552,106.486,138.576
./normal/face_dev_16155.png,1,203.375,181.755,173.153,175.32,137.129,138.134,9.43075,54.4924,190.77
./normal/face_dev_17400.png,1,186.714,159.114,135.103,153.507,137.362,148.875,13.8055,95.3281,173.52
./normal/face_dev_17943.png,1,177.462,157.461,137.738,145.785,134.075,145.126,14.9484,81.6589,158.385
./normal/face_dev_15805.png,1,193.2,162.549,147.32,161.586,139.689,143.223,9.75684,79.3077,183.202
./normal/face_dev_18622.png,1,179.203,149.729,129.803,151.731,138.196,145.451,11.9289,85.5352,171.069
./normal/face_dev_18220.png,1,154.726,136.908,126.45,118.474,134.921,138.858,11.9647,71.3828,128.525
./normal/face_dev_18585.png,1,220.362,192.524,181.439,184.703,139.651,141.287,8.5608,66.2361,207.483
./normal/face_dev_17898.png,1,143.579,126.968,109.391,116.661,132.926,142.777,15.3114,83.2302,125.281
./normal/face_dev_17591.png,1,170.837,147.598,130.676,136.001,136.606,144.202,12.5674,85.9717,151.463
./normal/face_dev_15958.png,1,152.35,156.356,163.543,137.611,130.318,130.798,55.5716,22.2164,135.231
./normal/face_dev_17112.png,1,181.726,170.904,164.241,178.196,131.762,133.698,22.4385,27.9494,181.473
./normal/face_dev_18810.jpg,1,162.825,146.578,134.476,138.073,133.348,138.713,15.1446,59.3673,145.744
./normal/face_dev_16129.png,1,178.324,164.596,161.852,150.608,134.568,132.914,46.8459,38.1728,157.26
./normal/face_dev_17598.png,1,180.795,151.664,133.556,151.381,138.108,144.372,11.4421,83.4118,170.381
./normal/face_dev_16500.png,1,148.024,132.09,121.668,123.897,133.635,137.742,12.267,64.0276,131.318
./normal/face_dev_15927.png,1,178.908,162.872,150.993,145.11,134.442,140.142,12.547,64.1101,155.491
./normal/face_dev_15695.png,1,184.784,163.332,147.667,159.584,135.453,141.942,12.4786,67.1384,173.311
./normal/face_dev_16124.png,1,162.745,139.666,116.188,133.444,135.173,147.57,15.0794,96.5403,148.227
./normal/face_dev_18703.png,1,145.516,121.341,105.761,102.298,137.631,144.035,11.8723,105.496,118.767
./normal/face_dev_16115.png,1,187.639,159.095,146.083,148.602,140.616,143.092,11.688,83.089,170.488
./normal/face_dev_16275.png,1,199.187,176.504,165.309,171.291,136.628,139.505,9.78776,59.6279,186.828
./normal/face_dev_19134.jpg,1,184.658,153.147,138.878,153.144,139.937,142.435,9.18692,79.2446,174.2
./normal/face_dev_19107.jpg,1,171.114,167.435,175.474,160.562,131.269,129.616,75.535,15.2567,158.937
./normal/face_dev_16355.png,1,158.93,134.259,115.29,141.454,135.097,142.728,12.8878,76.9388,154.353
./normal/face_dev_18413.jpg,1,178.956,159.787,140.832,160.192,133.1,142.416,14.8543,65.5455,170.647
./normal/face_dev_16586.png,1,190.518,177.885,169.417,168.525,132.128,135.98,14.0276,40.059,174.137
./normal/face_dev_17457.png,1,178.604,156.76,138.659,148.888,135.495,144.111,13.434,78.8541,163.356
./normal/face_dev_17560.png,1,204.82,175.282,159.115,172.051,138.897,143.763,10.5164,75.3881,193.841
./normal/face_dev_16467.png,1,183.572,167.086,153.972,155.924,133.821,139.926,12.8861,61.3037,166.549
./normal/face_dev_18161.jpg,1,150.132,149.798,145.02,126.513,128.101,132.654,23.8791,24.1585,121.599
./normal/face_dev_17182.png,1,159.966,140.863,126.236,144.452,133.701,139.66,12.6658,61.5093,153.557
./normal/face_dev_18407.jpg,1,180.648,159.278,140.769,154.575,134.933,143.651,13.6907,73.9382,168.124
./normal/face_dev_18364.png,1,155.412,135.096,123.845,130.215,135.257,138.752,13.4282,68.7772,140.622
./normal/face_dev_16343.png,1,187.839,173.639,162.636,165.125,132.301,137.701,14.0909,47.3337,172.06
./normal/face_dev_19198.png,1,181.872,155.148,140.795,139.62,139.671,144.103,10.3514,88.6422,160.191
./normal/face_dev_18301.png,1,204.667,180.811,170.63,180.787,137.2,138.635,9.29685,54.5699,197.102
./normal/face_dev_17412.png,1,210.796,200.14,197.624,189.62,133.122,132.825,31.5378,27.4879,195.515
./normal/face_dev_16310.png,1,197.551,177.479,165.097,166.889,135.615,140.398,11.3794,61.9991,180.997
./normal/face_dev_17490.png,1,153.985,135.558,125.666,136.783,134.693,137.381,14.5719,58.4697,145.717
./normal/face_dev_18949.jpg,1,160.227,137.387,114.262,130.191,134.486,146.855,15.0378,95.5628,143.762
./normal/face_dev_17548.png,1,170.238,153.075,141.321,128.148,135.231,140.749,12.1086,77.5177,140.598
./normal/face_dev_15826.png,1,186.677,172.102,167.812,162.466,133.412,134.523,25.3866,39.3179,170.223
./normal/face_dev_17446.png,1,162.385,133.699,115.567,130.334,138.827,145.185,11.487,95.7703,149.434
./normal/face_dev_16632.png,1,121.071,104.919,91.3529,95.8536,134.815,142.14,14.2934,97.4575,107.333
./normal/face_dev_17568.png,1,188.961,171.897,160.789,135.166,136.175,142.076,11.7598,78.8444,149.01
./normal/face_dev_16291.png,1,175.991,153.478,139.438,144.024,136.399,141.65,11.434,73.8955,158.646
./normal/face_dev_16337.png,1,206.51,178.806,158.858,178.422,137.195,145.161,12.3976,74.9315,198.422
./normal/face_dev_16268.png,1,173.811,152.591,139.252,148.52,135.802,140.489,11.34,67.099,161.703
./normal/face_dev_16293.png,1,192.8,169.775,157.769,166.473,135.869,139.325,10.6411,59.8109,180.671
./normal/face_dev_16669.png,1,172.315,167.512,166.17,164.164,130.712,130.458,43.6483,18.2323,163.05
./normal/face_dev_18871.png,1,192.881,165.536,153.077,167.201,137.955,140.251,9.2133,65.0355,184.849
./normal/face_dev_17452.png,1,170.25,144.48,125.877,141.836,136.514,144.117,12.3938,84.6513,158.163
./normal/face_dev_17417.png,1,209.456,199.049,198.219,187.293,133.322,131.958,46.192,25.678,192.664
./normal/face_dev_17003.png,1,148.362,124.794,106.015,125.04,135.342,143.601,13.416,88.1096,137.938
./normal/face_dev_16515.png,1,169.843,156.836,150.822,145.828,133.112,134.486,21.7247,42.1428,151.034
./normal/face_dev_15856.png,1,136.46,123.774,116.141,117.99,132.173,135.002,16.332,48.9124,121.386
./normal/face_dev_16101.png,1,200.611,179.328,161.027,162.814,136.022,146.159,13.8263,80.7668,180.003
./normal/face_dev_18084.jpg,1,163.827,146.237,135.338,132.401,134.528,138.566,11.3252,65.4612,142.206
./normal/face_dev_16228.png,1,144.566,133.117,130.513,129.615,132.958,132.345,40.2915,36.0623,132.49
./normal/face_dev_18608.png,1,182.359,164.465,156.805,159.131,134.887,136.176,16.826,48.3193,168.701
./normal/face_dev_15571.png,1,171.475,149.637,129.221,143.048,134.487,145.043,14.4901,82.9613,156.274
./normal/face_dev_16578.png,1,159.241,134.831,122.221,130.326,136.892,140.359,10.4769,76.6796,144.651
./normal/face_dev_17892.png,1,151.107,130.181,115.238,120.4,135.225,141.733,12.5001,83.7037,132.357
./normal/face_dev_17361.png,1,154.917,142.454,132.357,127.44,133.479,138.511,13.6357,59.3311,134.762
./normal/face_dev_19219.png,1,174.607,146.644,131.813,147.786,138.393,142.204,10.1976,77.2116,165.828
./normal/face_dev_16079.png,1,170.597,145.397,126.67,132.187,137.384,146.032,12.7632,96.0136,149.604
./normal/face_dev_18461.png,1,219.504,194.948,187.508,188.759,136.723,136.879,9.40932,48.1364,204.538
./normal/face_dev_16587.png,1,199.324,182.763,172.542,168.19,134.124,138.545,12.5396,54.0752,178.976
./normal/face_dev_15648.png,1,138.093,125.471,117.037,117.941,132.662,135.995,14.7208,53.4778,122.611
./normal/face_dev_18850.jpg,1,140.298,133.131,130.365,110.272,132.187,132.542,30.8173,37.1722,111.989
./normal/face_dev_16064.png,1,149.891,126.315,108.252,114.419,136.182,144.634,13.0519,99.0597,128.957
./normal/face_dev_18942.jpg,1,142.347,120.141,102.143,113.136,135.663,143.837,13.3597,94.9159,126.526
./normal/face_dev_16726.png,1,173.983,177.224,178.254,151.295,129.663,129.155,61.1857,12.0565,146.84
./normal/face_dev_18390.jpg,1,141.205,129.432,124.987,138.975,131.699,132.112,33.131,30.7175,140.008
./normal/face_dev_16345.png,1,210.662,197.259,188.369,181.088,133.459,137.847,12.1171,46.0485,190.674
./normal/face_dev_18570.png,1,214.706,182.359,165.27,190.587,137.952,142.284,10.3125,64.6945,211.795
./normal/face_dev_18924.png,1,190.779,167.983,147.281,166.51,134.288,144.407,14.4187,71.7045,180.533
./normal/face_dev_17923.png,1,137.473,116.809,102.477,105.647,136.012,141.894,12.0043,91.6092,118.573
./normal/face_dev_17519.png,1,187.715,166.263,153.753,144.421,137.025,142.043,11.3098,76.4052,160.097
./normal/face_dev_16671.png,1,163.939,160.825,154.464,148.141,129.247,133.032,26.0016,25.7851,145.664
./normal/face_dev_15832.png,1,143.745,132.861,127.92,127.394,133.326,134.691,23.1232,46.2347,132.498
./normal/face_dev_16312.png,1,194.45,175.458,161.617,174.518,134.14,139.728,12.6227,54.8511,186.05
./normal/face_dev_17264.png,1,171.783,139.14,121.877,131.598,141.073,145.943,10.2505,102.14,154.485
./normal/face_dev_16325.png,1,195.973,172.213,158.327,165.409,136.957,141.689,10.925,68.3495,182.263
./normal/face_dev_16647.png,1,180.716,154.276,136.189,145.358,137.369,144.979,12.1351,86.7528,163.184
./normal/face_dev_17355.png,1,171.76,154.053,146.325,147.362,135.146,136.424,12.3345,50.3741,156.991
./normal/face_dev_17036.png,1,159.74,136.644,121.112,135.923,135.479,141.452,12.1279,75.8293,148.463
./normal/face_dev_17945.png,1,190.993,162.468,135.962,160.488,136.724,149.559,14.3718,93.2103,180.472
./normal/face_dev_18170.png,1,164.279,155.417,152.658,144.546,131.99,131.802,37.571,28.0316,145.71
./normal/face_dev_15564.png,1,172.443,144.637,133.076,140.492,138.306,139.814,9.37969,76.6053,157.707
./normal/face_dev_17664.png,1,190.111,167.493,149.239,156.315,135.494,144.673,13.3789,78.5367,171.81
./normal/face_dev_19179.png,1,179.974,149.43,135.248,143.308,140.593,143.43,9.3273,86.3041,165.056
./normal/face_dev_17371.png,1,171.014,162.62,160.619,154.416,132.286,132.103,42.0354,28.02,156.499
./normal/face_dev_17627.png,1,204.854,187.823,181.161,184.136,134.973,135.644,10.7813,40.6415,194.902
./normal/face_dev_18345.png,1,185.461,158.309,143.752,153.29,138.269,142.498,10.2392,76.4695,171.657
./normal/face_dev_15484.png,1,151.978,127.665,105.472,123.67,135.58,146.501,14.2851,99.3866,138.227
./normal/face_dev_16969.png,1,163.881,145.236,126.835,132.49,134.454,144.602,14.6929,84.544,144.458
./normal/face_dev_17149.png,1,167.309,143.583,126.593,130.726,137.041,144.571,12.3959,90.6072,146.79
./normal/face_dev_18241.png,1,157.061,135.73,113.238,125.519,134.648,147.159,15.5438,98.2911,138.924
./normal/face_dev_17291.png,1,166.7,153.462,143.875,140.393,132.485,136.811,13.5785,51.8322,146.426
./normal/face_dev_16767.png,1,191.572,175.654,163.234,170.467,132.855,138.602,13.2674,49.5303,178.917
./normal/face_dev_15849.png,1,196.184,177.16,166.328,178.026,134.418,137.67,11.0687,48.2826,189.024
./normal/face_dev_16147.png,1,143.794,128.016,114.514,118.527,133.096,139.87,13.902,71.9535,126.064
./normal/face_dev_18753.jpg,1,147.08,126.036,113.981,117.153,136.417,140.206,10.7301,79.5355,129.842
./normal/face_dev_18073.jpg,1,191.629,178.423,168.054,170.8,132.629,137.243,14.7722,43.716,177.767
./normal/face_dev_15876.png,1,202.191,181.426,165.169,175.692,134.829,142.412,13.1553,63.6462,190.025
./normal/face_dev_18557.png,1,165.069,153.328,148.877,144.523,132.883,133.358,25.7553,36.8525,148.317
./normal/face_dev_18216.png,1,159.34,133.572,111.953,130.322,136.212,146.274,13.8308,96.2081,146.078
./normal/face_dev_18077.jpg,1,191.738,175.421,159.799,164.849,133.128,141.435,14.4176,60.8543,175.128
./normal/face_dev_18688.png,1,151.438,127.706,107.583,109.34,136.648,147.154,13.6954,112.504,125.309
./normal/face_dev_17443.png,1,154.471,131.683,115.809,123.998,136.544,142.893,11.9567,86.6753,139.418
./normal/face_dev_16486.png,1,204.336,184.389,169.317,178.246,134.515,141.464,12.8158,60.3559,191.863
./normal/face_dev_17411.png,1,214.363,197.962,193.083,190.295,135.162,135.334,12.9638,38.8181,201.529
./normal/face_dev_15597.png,1,197.842,165.253,148.508,164.235,139.675,144.024,11.2535,80.4146,186.917
./normal/face_dev_18709.png,1,143.707,121.708,104.065,101.661,136.587,145.463,13.2446,110.551,116.62
./normal/face_dev_15834.png,1,202.992,181.339,171.79,176.514,135.799,137.688,9.84141,51.9327,190.32
./normal/face_dev_17459.png,1,161.922,138.561,120.444,118.024,137.125,146.165,13.0351,103.772,134.667
./normal/face_dev_17449.png,1,194.554,171.933,162.173,170.324,136.794,138.243,10.9531,55.7239,185.05
./normal/face_dev_15837.png,1,176.842,167.808,166.038,160.151,131.86,131.611,49.1445,26.593,161.826
./normal/face_dev_17895.png,1,186.836,167.38,147.635,169.286,132.808,142.609,15.0956,63.0497,180.069
./normal/face_dev_16474.png,1,203.066,178.14,161.672,176.522,136.009,142.377,11.9694,65.6048,193.323
./normal/face_dev_16273.png,1,197.058,169.207,154.936,167.68,138.278,141.951,9.92656,70.8715,186.962
./normal/face_dev_17785.png,1,171.436,147.525,128.635,137.6,136.349,145.251,13.3033,89.4292,153.495
./normal/face_dev_16653.png,1,164.609,145.818,135.681,144.878,134.619,137.525,15.5835,56.0434,154.183
./normal/face_dev_18218.png,1,163.31,139.298,119.505,131.142,136.414,145.763,13.5158,93.6027,146.815
./normal/face_dev_16370.png,1,205.879,182.721,163.607,176.233,136.16,145.261,13.3626,73.2788,194.205
./normal/face_dev_17521.png,1,190.483,153.712,134.386,151.011,141.979,147.278,10.3041,97.6627,177.309
./normal/face_dev_16604.png,1,195.97,180.183,171.044,169.676,134.054,137.565,12.9495,48.9362,179.421
./normal/face_dev_15990.png,1,158.663,127.951,113.431,133.143,139.801,142.519,13.5997,85.7378,152.27
./normal/face_dev_16367.png,1,176.426,160.296,149.14,124.684,135.297,141.288,12.1111,78.7965,136.475
./normal/face_dev_16113.png,1,194.917,168.964,148.766,149.195,138.699,149.177,13.0255,99.4058,171.035
./normal/face_dev_18299.jpg,1,152.581,138.338,127.551,128.97,133.233,137.963,12.7054,58.3954,135.519
./normal/face_dev_17596.png,1,142.373,117.261,104.418,117.75,137.672,140.879,11.39,84.0202,132.408
./normal/face_dev_18308.png,1,181.672,164.437,155.434,157.589,134.073,136.748,13.3104,49.5625,166.382
./normal/face_dev_18205.png,1,177.861,152.56,129.236,144.82,136.197,148.108,14.4263,94.9813,162.089
./normal/face_dev_16264.png,1,214.648,189.825,180.203,182.379,136.241,137.914,9.44818,51.9292,197.414
./normal/face_dev_17917.png,1,131.965,112.057,99.1367,99.8652,135.617,140.699,11.6125,89.3657,111.69
./normal/face_dev_16537.png,1,166.296,147.189,133.983,144.869,134.068,139.364,12.2901,62.9886,154.466
./normal/face_dev_16407.png,1,183.402,155.268,130.433,156.893,135.912,147.442,13.9973,87.9748,174.538
./normal/face_dev_19204.png,1,176.022,159.65,152.843,137.316,136.148,137.096,14.8358,57.9954,148.727
./normal/face_dev_16335.png,1,210.82,180.242,158.004,176.548,138.673,148.098,12.583,86.6148,200.462
./normal/face_dev_18256.png,1,174.077,152.509,137.594,139.444,135.958,142.507,12.1759,78.4291,153.436
./normal/face_dev_17600.png,1,165.292,137.171,120.856,135.065,138.48,143.658,10.9025,87.6702,153.015
./normal/face_dev_17463.png,1,160.128,131.988,112.481,120.267,138.538,146.78,12.241,107.571,139.461
./normal/face_dev_15850.png,1,202.803,177.535,161.176,178.413,135.824,141.86,11.7211,64.4685,194.778
./normal/face_dev_16022.png,1,205.891,187.209,174.139,183.033,134.611,139.955,12.3387,53.5542,195.916
./normal/face_dev_18147.png,1,191.334,158.923,130.069,160.279,138.022,151.212,13.986,99.5901,182.908
./normal/face_dev_16169.png,1,198.999,167.385,144.174,169.363,138.302,147.499,12.5748,85.98,191.553
./normal/face_dev_15547.png,1,164.038,143.217,126.398,127.819,135.836,144.198,13.3566,90.1977,141.682
./normal/face_dev_17041.png,1,155.404,137.382,127.438,120.317,135.868,139.117,11.7541,72.5846,131.497
./normal/face_dev_17593.png,1,177.683,153.676,134.591,150.396,135.492,144.17,13.2832,78.8415,165.088
./normal/face_dev_18440.jpg,1,149.001,139.81,137.35,129.355,131.806,131.629,36.4629,30.1164,129.927
./normal/face_dev_16333.png,1,194.772,167.986,152.004,167.826,137.15,142.383,11.0597,70.4675,185.518
./normal/face_dev_17164.png,1,192.312,170.83,149.254,170.763,133.948,144.718,14.8737,70.7059,184.414
./normal/face_dev_17607.png,1,190.719,169.139,150.421,171.503,134.376,142.684,13.724,64.7745,184.759
./normal/face_dev_15830.png,1,171.835,158.151,153.267,152.669,133.665,133.81,19.523,37.3223,158.159
./normal/face_dev_17613.png,1,177.128,157.543,142.968,136.186,135.459,142.919,12.9996,80.2629,149.602
./normal/face_dev_15699.png,1,185.712,161.503,148.424,157.831,136.913,140.446,10.384,68.0055,173.837
./normal/face_dev_17609.png,1,150.029,127.146,111.289,118.042,136.144,142.781,12.3944,89.002,131.553
./normal/face_dev_17151.png,1,182.277,164.988,144.743,157.964,131.966,143.854,16.3541,69.1885,167.372
./normal/face_dev_19187.png,1,183.659,164.725,152.941,156.218,135.647,139.866,11.4857,61.5949,168.864
./normal/face_dev_15478.png,1,170.136,143.248,120.887,140.27,136.913,147.114,13.6139,94.7114,157.728
./normal/face_dev_18425.png,1,168.103,151.966,143.871,148.089,133.958,136.032,13.5104,48.078,155.479
./normal/face_dev_17575.png,1,145.982,123.754,109.808,126.94,135.843,140.549,11.5537,75.4878,138.904
./normal/face_dev_16226.png,1,151.012,144.736,140.189,132.693,130.6,133.005,24.4391,31.2041,132.037
./normal/face_dev_16885.png,1,169.708,161.965,155.908,157.955,130.621,133.166,22.7951,28.0919,158.308
./normal/face_dev_17166.png,1,144.49,130.939,114.25,124.347,131.19,140.967,16.5384,68.6853,129.63
./normal/face_dev_15588.png,1,159.444,129.75,112.799,128.931,138.538,143.769,10.7298,91.9162,147.131
./normal/face_dev_17652.png,1,182.95,165.855,152.939,151.255,134.175,140.498,13.255,62.8343,161.871
./normal/face_dev_15586.png,1,200.879,164.982,147.331,164.524,141.519,145.601,9.85032,87.1878,190.765
./normal/face_dev_15704.png,1,178.991,159.849,145.857,148.281,135.054,141.047,12.9094,70.3746,161.328
./normal/face_dev_16606.png,1,212.187,178.534,157.216,180.842,139.252,146.575,11.5624,80.8227,205.724
./normal/face_dev_16643.png,1,183.939,156.841,139.042,161.513,136.603,142.846,11.8014,72.3404,178.012
./normal/face_dev_18087.jpg,1,195.965,182.936,172.71,167.347,133.369,138.281,12.8632,49.1908,175.884
./normal/face_dev_16596.png,1,189.681,173.729,162.209,164.296,133.975,139.02,13.2189,53.0133,174.3
./normal/face_dev_16028.png,1,150.988,140.421,127.947,122.133,130.961,138.928,16.27,61.0506,125.956
./normal/face_dev_16439.png,1,190.801,160.616,134.493,159.408,137.647,149.672,13.8079,95.4104,180.865
./normal/face_dev_18322.png,1,182.714,163.61,145.043,165.533,133.14,142.09,14.6949,62.5826,176.149
./normal/face_dev_18712.png,1,140.179,115.431,97.56,101.724,137.956,145.697,12.4463,113.235,118.736
./normal/face_dev_16339.png,1,208.784,189.608,183.258,177.631,136.336,136.482,9.69634,48.0533,191.2
./normal/face_dev_15775.png,1,148.692,136.02,128.62,125.106,132.439,135.123,14.8838,47.7937,129.062
./normal/face_dev_18377.png,1,182.126,162.131,150.808,150.266,135.696,139.614,10.9612,63.6789,162.79
./normal/face_dev_18957.png,1,140.733,122.555,109.48,111.816,134.32,140.093,12.7501,77.5324,121.332
./normal/face_dev_15758.png,1,164.695,137.926,123.752,136.632,137.633,141.388,10.2359,81.2183,153.489
./normal/face_dev_18418.png,1,175.312,157.222,144.765,147.048,134.622,139.913,12.1321,63.7791,157.725
./normal/face_dev_17402.png,1,217.305,195.85,187.55,188.887,136.449,137.68,8.57809,49.8207,204.474
./normal/face_dev_15762.png,1,198.727,151.801,120.512,156.624,144.546,155.553,11.93,121.165,190.846
./normal/face_dev_15839.png,1,196.073,176.146,169.192,176.636,134.863,135.149,13.3135,41.8268,187.162
./normal/face_dev_16661.png,1,164.056,167.549,165.85,137.867,129.511,131.435,27.7948,17.6566,133.805
./normal/face_dev_15613.png,1,136.776,117.238,108.169,128.62,134.328,136.056,13.5179,54.4344,136.246
./normal/face_dev_17558.png,1,183.828,164.319,150.258,142.645,136.25,143.165,12.3939,78.4748,157.365
./normal/face_dev_18547.png,1,167.68,149.686,140.871,142.583,134.468,136.723,12.7177,53.8787,151.213
./normal/face_dev_15556.png,1,186.004,164.587,145.005,156.506,134.236,144.489,14.42,75.5155,170.19
./normal/face_dev_18416.jpg,1,171.832,157.93,153.639,147.179,134.184,133.687,27.0144,39.581,153.265
./normal/face_dev_18104.jpg,1,168.283,146.115,127.703,131.565,136.171,145.118,13.4357,91.1262,146.953
./normal/face_dev_15778.png,1,152.628,141.069,137.243,130.393,132.689,132.76,31.1839,37.6961,133.502
./normal/face_dev_16592.png,1,187.384,170.653,160.043,169.787,133.503,137.376,13.413,47.7054,178.477
./normal/face_dev_17650.png,1,177.394,166.117,154.706,152.283,131.632,138.075,15.0466,49.4261,157.288
./normal/face_dev_18359.png,1,169.912,150.735,138.481,148.972,134.835,139.083,13.6693,59.7418,159.436
./normal/face_dev_16757.png,1,202.184,184.817,171.438,178.346,133.797,140.005,13.0237,53.7735,189.679
./normal/face_dev_17461.png,1,155.068,127.3,106.469,118.715,137.95,147.106,12.7593,108.512,137.166
./normal/face_dev_17433.png,1,165.072,142.64,125.558,138.973,135.104,142.524,12.8892,77.7933,152.028
./normal/face_dev_18928.png,1,163.539,142.176,120.288,139.612,133.597,145.037,15.6238,81.7218,151.32
./normal/face_dev_16519.png,1,194.17,191.028,183.218,166.234,128.683,135.74,20.3953,32.7553,165.315
./normal/face_dev_18906.png,1,157.168,137.268,124.624,143.878,133.943,138.245,12.2378,58.2757,152.775
./normal/face_dev_18225.png,1,175.469,148.384,134.417,132.984,139.803,143.753,10.0187,91.4686,153.082
./normal/face_dev_18262.png,1,187.7,160.15,134.112,159.747,136.161,148.72,14.6004,90.4498,178.344
./normal/face_dev_15539.png,1,144.25,120.811,101.832,114.74,136.7,145.251,13.4088,101.137,129.815
./normal/face_dev_18373.png,1,164.103,141.692,122.927,112.321,137.164,147.823,13.7763,113.719,129.337
./normal/face_dev_18126.jpg,1,157.449,136.441,117.465,125.414,135.318,144.877,13.9932,91.2794,139.076
./normal/face_dev_17236.png,1,153.663,139.239,131.343,123.339,133.834,136.255,23.2567,54.7029,130.437
./normal/face_dev_18100.jpg,1,158.689,145.252,130.333,136.187,131.984,140.323,15.6693,62.4595,142.341
./normal/face_dev_16612.png,1,231.796,219.454,214.677,187.019,135.268,136.908,9.85116,45.494,199.876
./normal/face_dev_16923.png,1,234.651,221.513,212.463,193.16,135.467,142.175,12.2057,59.9272,210.237
./normal/face_dev_17178.png,1,175.415,152.625,134.552,144.858,135.622,143.936,13.0048,80.34,159.577
./normal/face_dev_17131.png,1,150.221,145.989,145.341,139.42,131.418,131.232,45.0716,22.2772,138.396
./normal/face_dev_18411.jpg,1,177.556,153.937,134.707,155.636,135.158,143.44,13.3282,73.5688,169.661
./normal/face_dev_16973.png,1,130.019,133.387,135.489,99.2844,129.086,130.398,34.4184,20.9482,95.2649
./normal/face_dev_19185.jpg,1,162.196,127.102,112.919,141.206,139.826,141.248,8.81112,83.0485,161.149
./normal/face_dev_15499.png,1,161.338,133.313,113.444,135.958,136.824,144.608,12.4171,89.1985,152.132
./normal/face_dev_16651.png,1,214.356,191.612,178.643,180.833,136.243,141.024,11.1317,60.8911,197.39
./normal/face_dev_19047.jpg,1,188.958,167.564,154.474,163.479,135.402,139.947,11.2823,60.303,176.587
./normal/face_dev_15753.png,1,159.651,125.729,106.784,123.501,140.645,146.251,10.6543,108.928,146.02
./normal/face_dev_18096.jpg,1,157.58,136.649,117.587,128.559,134.718,144.162,14.1499,87.2059,141.015
./normal/face_dev_16784.png,1,193.329,182.305,168.545,175.34,130.696,138.964,16.4893,45.1229,180.375
./normal/face_dev_16479.png,1,199.017,183.941,172.206,181.453,132.908,138.067,14.5154,44.6902,190.034
./normal/face_dev_17925.png,1,159.532,134.856,123.054,126.131,138.747,141.268,9.46959,82.9743,142.676
./normal/face_dev_17135.png,1,167.7,160.583,157.962,144.662,131.852,131.942,36.6378,27.5349,145.554
./normal/face_dev_17624.png,1,163.904,146.053,137.041,140.31,134.982,137.229,10.2538,55.9981,149.616
./normal/face_dev_16305.png,1,186.846,171.261,160.256,166.935,133.592,138.041,12.6166,49.2165,175.718
./normal/face_dev_16318.png,1,199.465,177.941,167.291,169.819,136.739,139.451,9.95837,59.2737,185.193
./normal/face_dev_16535.png,1,181.763,163.334,146.34,158.709,133.313,141.945,14.3647,65.5572,169.133
./normal/face_dev_18873.png,1,214.221,196.215,188.203,186.491,134.511,136.963,13.0358,44.5766,198.168
./normal/face_dev_18864.png,1,160.047,140.885,124.734,125.392,135.052,143.37,13.6901,84.9023,137.532
./normal/face_dev_17221.png,1,187.401,157.912,128.479,157.715,136.181,150.927,15.0174,98.5609,177.517
./normal/face_dev_16839.png,1,201.611,184.986,180.808,174.744,135.543,134.745,24.8308,40.4683,185.212
./normal/face_dev_15669.png,1,178.721,157.003,151.289,152.746,136.706,135.324,27.0611,51.2424,164.73
./normal/face_dev_16828.png,1,217.88,198.125,187.96,192.112,134.858,138.482,10.8919,48.416,205.56
./normal/face_dev_16107.png,1,150.169,126.838,108.134,121.665,136.175,144.621,13.3004,93.8765,135.983
./normal/face_dev_17123.png,1,184.885,172.335,165.997,155.567,133.222,135.194,23.1046,41.9878,161.551
./normal/face_dev_17005.png,1,150.872,128.498,113.618,119.698,135.84,141.871,12.1831,84.8888,132.509
./normal/face_dev_16843.png,1,191.758,179.723,173.809,173.625,132.661,134.269,27.1397,34.2149,178.854
./normal/face_dev_16608.png,1,202.641,181.511,171.482,177.057,135.309,138.226,13.2498,49.8864,189.62
./normal/face_dev_16415.png,1,174.243,170.316,167.642,146.852,130.107,131.648,37.984,23.3132,144.866
./normal/face_dev_18409.jpg,1,167.239,150.027,130.586,146.837,132.16,142.768,15.9206,69.0259,155.409
./normal/face_dev_17677.png,1,177.425,160.004,141.891,150.402,132.989,143.202,15.1936,70.7842,160.458
./normal/face_dev_15503.png,1,162.764,144.087,126.316,129.703,133.712,143.663,14.8846,83.429,140.368
./normal/face_dev_16808.png,1,179.442,173.833,172.693,164.642,130.759,130.668,43.3282,18.6391,163.579
./normal/face_dev_18497.jpg,1,131.022,115.454,92.8981,98.5537,132.525,146.889,17.5048,110.52,108.182
./normal/face_dev_15566.png,1,174.045,160.621,159.083,144.681,134.791,132.507,53.7641,41.1507,151.608
./normal/face_dev_17577.png,1,185.137,159.194,138.191,152.813,136.696,146.552,13.3978,87.3793,170.758
./normal/face_dev_17407.png,1,202.084,183.331,175.456,184.107,134.728,135.938,14.207,41.6163,194.97
./normal/face_dev_16706.png,1,195.713,180.53,163.263,170.642,132.202,142.56,15.8581,60.5852,180.166
./normal/face_dev_17902.png,1,140.645,120.876,108.052,114.105,135.079,139.966,11.9399,78.1562,124.784
./red/face_dev_15599.png,0,221.94,205.542,206.644,158.605,142.063,132.898,88.8198,56.3027,178.301
./red/face_dev_18885.png,0,126.096,106.366,98.0874,95.6103,136.562,137.648,12.5537,79.5894,107.617
./red/face_dev_17046.png,0,152.844,129.187,114.977,114.607,138.092,143.182,11.2527,95.3811,130.869
./red/face_dev_15764.png,0,170.823,138.682,122.844,133.097,140.514,144.391,9.93588,94.8263,154.703
./red/face_dev_18733.png,0,160.358,143.1,128.558,108.226,135.781,144.318,13.5594,99.0979,121.489
./red/face_dev_15951.png,0,164.145,169.515,185.024,145.666,133.069,127.348,131.616,20.9541,145.728
./red/face_dev_15432.png,0,157.378,136.485,135.323,149.59,135.708,131.581,73.2755,38.8965,157.408
./red/face_dev_16035.png,0,138.286,112.487,95.1621,104.304,137.364,144.305,12.0607,106.07,120.125
./red/face_dev_18962.png,0,214.645,197.221,193.833,185.049,136.239,134.257,26.306,39.9429,197.619
./red/face_dev_17553.png,0,156.361,121.827,101.521,123.389,140.728,146.873,10.8855,110.084,146.607
./red/face_dev_16621.png,0,168.731,158.681,160.079,144.937,133.937,130.323,81.1884,27.8903,147.952
./red/face_dev_17864.png,0,166.537,144.116,126.172,129.913,135.628,144.58,13.3246,89.9772,144.279
./red/face_dev_18124.jpg,0,169.766,156.844,157.079,146.413,135.784,132.065,71.1453,37.0945,153.686
./red/face_dev_18209.png,0,163.01,140.086,136.018,135.725,138.506,135.305,27.8159,57.8851,149.443
./red/face_dev_16246.png,0,166.233,152.841,150.435,141.091,134.604,132.653,53.2159,38.146,146.858
./red/face_dev_16786.png,0,187.646,165.744,148.225,165.952,134.378,142.122,14.552,64.8535,178.785
./red/face_dev_17746.png,0,161.041,149.869,151.146,140.495,134.68,131.274,76.1846,34.1635,145.273
./red/face_dev_17366.png,0,160.645,148.387,145.247,137.701,133.472,132.599,38.816,36.6004,141.78
./red/face_dev_16224.png,0,160.054,151.015,150.408,133.94,132.972,131.216,54.8,30.6874,136.015
./red/face_dev_15799.png,0,146.914,143.44,148.382,124.375,131.025,128.946,85.1075,19.1419,121.947
./red/face_dev_19189.jpg,0,149.853,117.761,103.701,120.702,141.175,143.076,8.99044,98.0163,141.891
./red/face_dev_15529.png,0,164.536,139.126,122.263,111.562,139.778,147.337,11.952,116.484,131.956
./red/face_dev_17866.png,0,152.47,130.768,116.722,124.475,135.746,141.125,11.8015,79.2544,136.761
./red/face_dev_18422.jpg,0,167.648,158.677,163.581,148.116,133.669,128.616,115.661,23.0328,149.637
./red/face_dev_15820.png,0,171.9,155.996,153.518,155.996,134.47,132.17,44.684,34.4288,162.131
./red/face_dev_15525.png,0,166.141,147.476,143.888,139.216,136.183,133.813,29.7333,47.3064,148.667
./red/face_dev_16238.png,0,154.896,148.359,151.416,132.732,132.944,129.704,86.6536,24.5869,133.445
./red/face_dev_17116.png,0,164.634,151.676,149.794,150.129,133.751,131.818,50.8576,32.2345,154.33
./red/face_dev_15921.png,0,158.362,160.579,165.745,132.186,130.807,130.057,70.5124,20.1898,129.782
./red/face_dev_17052.png,0,151.791,114.333,98.2311,122.897,141.92,144.155,8.89242,100.703,145.658
./red/face_dev_17421.png,0,150.218,134.334,132.709,127.52,135.006,132.021,55.463,42.7332,133.87
./red/face_dev_15788.png,0,150.813,133.543,128.517,103.219,137.197,136.189,11.2049,70.676,114.76
./red/face_dev_16220.png,0,159.364,151.515,151.767,128.177,133.617,130.846,68.5434,29.0338,130.509
./red/face_dev_16483.png,0,164.344,133.565,107.874,127.727,139.879,151.525,14.1898,118.112,149.984
./red/face_dev_16901.png,0,223.377,207.027,199.672,168.453,139.086,141.505,9.65649,70.0943,188.532
./red/face_dev_17422.png,0,166.245,152.765,153.546,143.699,134.924,130.453,85.7312,32.534,148.762
./red/face_dev_16015.png,0,193.978,150.98,133.728,158.563,144.151,145.622,8.46084,93.585,188.538
./red/face_dev_17638.png,0,161.243,144.072,144.12,133.37,136.805,131.812,77.1008,45.081,142.506
./red/face_dev_17551.png,0,147.719,121.922,108.865,115.799,138.445,141.637,9.9886,91.2251,133.141
./red/face_dev_18740.png,0,170.614,144.121,137.798,143.397,139.61,137.255,17.5145,65.4524,160.164
./red/face_dev_15439.png,0,186.068,165.286,157.607,140.153,138.64,139.145,10.8871,70.1793,156.489
./red/face_dev_19172.png,0,163.442,138.852,118.41,126.264,136.975,147.015,13.5265,101.665,143.085
./red/face_dev_17498.png,0,163.52,143.296,136.348,137.317,136.307,136.35,19.6406,58.5279,148.363
./red/face_dev_16906.png,0,192.613,165.301,148.219,168.65,136.818,142.574,11.8965,69.6067,185.768
./red/face_dev_16070.png,0,147.336,123.083,110.586,106.111,138.319,141.929,10.1835,97.0444,122.266
./red/face_dev_18763.jpg,0,159.935,149.863,129.21,141.895,130.315,145.054,26.3892,73.2423,149.448
./red/face_dev_17170.png,0,176.396,160.437,154.07,132.756,136.083,136.818,21.1522,59.0965,143.565
./red/face_dev_19132.jpg,0,172.683,150.654,140.553,136.03,137.955,139.795,10.9171,76.3033,151.735
./red/face_dev_15523.png,0,143.099,119.062,102.335,107.008,137.25,144.304,12.3023,103.794,122.589
./red/face_dev_18151.png,0,199.233,184.396,180.154,130.13,138.636,137.367,10.1718,67.7082,145.183
./red/face_dev_19199.jpg,0,178.014,152.629,143.572,119.377,142.469,142.367,7.8222,97.0901,142.011
./red/face_dev_15437.png,0,189.111,180.125,180.49,166.212,133.192,131.352,61.5959,26.9106,169.603
./red/face_dev_19194.png,0,161.246,132.303,121.994,126.328,140.768,140.88,8.55574,85.6937,146.08
./red/face_dev_18442.jpg,0,187.493,178.769,182.122,153.308,133.497,128.38,115.062,22.7702,155.054
./red/face_dev_18758.png,0,151.599,132.526,127.648,136.363,135.044,133.802,34.2507,46.7726,144.108
./red/face_dev_15517.png,0,154.741,134.629,121.643,110.568,137.382,142.753,11.7262,94.2035,125.414
./red/face_dev_19153.png,0,200.078,176.871,169.635,166.779,138.766,137.992,15.8248,58.9743,184.218
./red/face_dev_19111.jpg,0,171.123,140.326,126.103,123.628,141.814,144.709,9.40659,102.19,146.524
./red/face_dev_15601.png,0,205.599,177.523,176.317,163.412,142.566,134.915,65.6884,61.3005,185.457
./red/face_dev_18841.png,0,151.375,126,116.131,120.893,138.483,139.29,8.3033,78.7029,136.343
./red/face_dev_16803.png,0,219.423,195.202,188.73,189.82,137.749,137.041,16.019,49.2226,206.964
./red/face_dev_16869.png,0,181.372,152.433,138.898,151.159,139.132,141.909,13.3066,76.4215,170.251
./red/face_dev_15845.png,0,151.509,134.411,128.23,130.756,135.41,135.522,17.7842,52.6098,139.359
./red/face_dev_19181.jpg,0,172.781,140.98,126.976,127.149,142.205,144.47,8.95408,102.385,151.023
./red/face_dev_19115.jpg,0,149.088,126.453,115.469,114.216,137.008,139.578,9.66066,82.6679,128.31
./red/face_dev_19122.jpg,0,155.112,125.924,115.136,109.321,142.068,142.325,8.00361,103.28,131.216
./red/face_dev_15482.png,0,157.47,137.34,126.33,116.464,136.917,140.565,10.6166,82.3518,129.909
./red/face_dev_17887.png,0,172.938,153.686,150.813,149.447,136.068,133.07,34.6676,42.6677,158.865
./red/face_dev_19171.png,0,174.201,144.794,132.542,135.791,140.375,142.055,9.48437,85.5982,156.569
./red/face_dev_15745.png,0,184.839,163.257,162.63,154.553,138.613,132.741,61.7222,47.9325,168.243
./red/face_dev_18325.png,0,183.699,146.668,123.348,148.76,141.225,149.099,11.3288,102.492,174.363
./red/face_dev_18137.jpg,0,165.128,147.213,149.192,147.694,136.416,130.162,106.716,35.7695,155.318
./red/face_dev_19083.jpg,0,143.657,113.942,103.987,108.72,141.442,140.8,7.45248,95.8921,128.965
./red/face_dev_17110.png,0,174.31,159.406,156.686,145.626,135.336,133.207,47.9249,41.803,153.245
./red/face_dev_15956.png,0,152.88,155.509,166.886,141.291,131.663,130.297,63.3982,23.7905,140.893
./red/face_dev_15790.png,0,203.713,162.633,156.604,178.615,142.673,137.219,31.1485,61.2036,203.502
./red/face_dev_18257.png,0,167.358,142.42,125.23,120.368,138.164,146.122,12.3374,104.137,138.458
./red/face_dev_17801.png,0,144.938,123.328,107.551,110.899,136.277,143.289,12.7038,94.0881,124.619
./red/face_dev_16853.png,0,200.208,184.529,177.111,174.944,134.574,136.377,12.8022,44.2681,184.937
./red/face_dev_18251.png,0,156.471,126.606,106.557,122.759,138.53,146.32,12.2483,104.063,141.656
./red/face_dev_18802.png,0,164.407,143.786,133.092,116.516,137.617,141.04,10.1753,86.4331,131.347
./red/face_dev_18637.png,0,212.494,189.038,180.688,139.724,144.925,145.169,7.70599,100.371,168.53
./red/face_dev_16880.png,0,212.595,196.999,189.084,144.509,138.782,142.557,10.07,81.0243,163.204
./red/face_dev_18384.png,0,154.971,137.79,135.274,130.99,136,133.189,47.2304,46.4152,139.167
./red/face_dev_16999.png,0,143.977,121.656,103.953,109.474,136.474,144.741,13.2308,102.184,123.994
./red/face_dev_19202.jpg,0,182.16,149.482,134.128,140.93,141.874,144.923,9.40218,95.1696,165.228
./red/face_dev_18641.png,0,194.69,174.952,165.388,112.999,142.135,145.725,9.60642,112.211,136.136
./red/face_dev_16856.png,0,211.394,202.522,203.283,154.893,135.743,130.62,99.5198,35.0198,162.142
./red/face_dev_19206.jpg,0,164.075,132.84,120.47,127.762,140.626,141.668,8.36137,89.8468,148.356
./red/face_dev_16834.png,0,202.553,178.55,171.402,173.173,137.874,137.081,8.3887,53.9484,189.517
./red/face_dev_19212.png,0,187.16,158.442,146.975,158.69,139.041,140.241,9.21726,68.9846,177.431
./red/face_dev_16270.png,0,220.15,194.808,183.451,192.309,137.033,139.739,9.54899,55.4879,210.295
./red/face_dev_19158.jpg,0,154.209,119.178,104.192,117.755,142.497,144.422,8.89575,105.422,141.338
./red/face_dev_18679.png,0,152.745,123.274,106.758,107.634,140.442,145.884,10.7334,114.718,128.547
./red/face_dev_18482.jpg,0,146.435,131.782,113.249,107.777,132.849,144.75,16.5167,95.079,116.887
./red/face_dev_17064.png,0,142.072,121.268,110.618,106.366,136.567,139.558,10.1349,84.0173,118.909
./red/face_dev_15519.png,0,162.723,140.833,127.889,118.776,138.191,142.979,11.0198,92.6766,135.126
./red/face_dev_19093.jpg,0,142.723,116.913,107.043,109.447,139.634,140.096,8.78346,88.3737,126.511
./red/face_dev_16961.png,0,159.87,133.375,116.816,120.86,139.179,145.269,11.4014,100.878,139.775
./red/face_dev_17620.png,0,166.242,140.405,125.081,128.282,138.608,144.032,11.0791,92.5773,146.13
./red/face_dev_15847.png,0,188.543,159.656,137.917,158.731,137.215,146.448,12.9628,85.7534,178.011
./red/face_dev_18909.png,0,144.06,122.425,102.581,112.79,134.721,145.044,14.5258,98.8399,125.273
./red/face_dev_17308.png,0,173.813,146.6,132.056,127.46,139.764,144.466,10.5359,97.4334,147.698
./red/face_dev_15730.png,0,161.514,149.808,153.422,136.679,134.764,129.652,100.244,32.1247,140.82
./red/face_dev_18438.jpg,0,162.191,155.279,162.687,138.963,133.274,128.363,124.932,21.1121,139.226
./red/face_dev_18846.png,0,175.971,148.361,137.908,153.395,137.753,138.423,9.16265,64.4052,169.159
./red/face_dev_16140.png,0,217.567,192.758,189.187,188.211,137.861,134.479,28.327,43.6874,204.348
./red/face_dev_16245.png,0,138.723,121.885,114.506,115.003,134.736,136.04,15.5605,60.6857,122.94
./red/face_dev_16905.png,0,191.698,168.425,151.014,158.76,136.142,144.217,12.81,76.6289,174.977
./red/face_dev_19169.jpg,0,141.627,109.088,99.1035,106.576,141.526,140.458,8.42957,99.6895,127.653
./red/face_dev_18773.png,0,197.757,173.827,161.552,151.092,139.139,143.107,10.0154,81.6059,171.109
./red/face_dev_15751.png,0,153.064,132.353,128.372,126.475,137.165,134.962,30.5135,59.6661,139.703
./red/face_dev_17861.png,0,172.767,150.028,136.292,127.389,138.438,143.763,11.2246,91.2882,144.939
./red/face_dev_18303.png,0,188.613,163.113,159.852,160.617,139.6,135.065,23.5962,53.017,177.284
./red/face_dev_18723.png,0,138.07,122.738,101.908,115.049,132.117,144.647,17.0845,89.6192,123.161
./red/face_dev_17876.png,0,162.613,133.959,113.203,134.657,137.853,146.099,12.6265,94.8211,152.822
./red/face_dev_16259.png,0,144.109,135.589,134.948,115.559,132.713,131.186,58.2804,33.4378,117.165
./red/face_dev_16845.png,0,195.816,176.325,171.836,174.735,136.555,134.821,36.4791,43.4283,186.761
./red/face_dev_17436.png,0,167.76,138.026,121.885,141.564,138.899,143.115,10.3609,83.8363,160.358
./red/face_dev_18131.jpg,0,178.071,156.399,155.615,150.424,137.988,132.458,77.0059,45.7126,162.544
./red/face_dev_15842.png,0,182.698,169.095,170.413,164.334,134.253,129.972,87.3636,28.1746,169.312
./red/face_dev_17137.png,0,161.91,156.037,159.873,141.331,132.137,128.944,103.472,19.1329,140.383
./red/face_dev_17201.png,0,148.237,141.845,144.021,150.955,132.484,130.426,61.329,22.6553,151.928
./red/face_dev_17139.png,0,141.961,135.042,136.69,121.855,132.634,130.124,77.3884,25.1977,122.259
./red/face_dev_18079.jpg,0,172.908,143.909,125.402,146.575,137.602,143.878,11.6072,83.3297,164.51
./red/face_dev_15660.png,0,182.688,153.146,134.329,149.029,139.069,145.814,11.4699,89.2901,169.985
./white/face_dev_16435.png,4,224.155,208.302,192.996,169.551,136.059,149.91,14.7644,90.0553,189.754
./white/face_dev_17658.png,4,154.948,153.425,150.811,144.734,129.727,134.17,24.4901,32.8606,144.248
./white/face_dev_16527.png,4,185.737,175.962,164.581,163.429,130.781,137.921,17.1623,44.8854,167.282
./white/face_dev_16425.png,4,205.582,173.472,146.985,175.623,137.527,149.197,13.578,87.9351,198.498
./white/face_dev_15801.png,4,140.236,137.976,137.999,118.908,129.568,130.79,41.8908,21.2764,115.29
./white/face_dev_16566.png,4,200.045,186.961,178.195,181.387,132.635,136.164,17.8644,38.29,188.424
./white/face_dev_17321.png,4,203.813,190.06,184.285,186.825,133.915,134.89,21.8274,35.287,194.997
./white/face_dev_17009.png,4,167.927,146.212,126.657,143.17,134.824,144.285,14.1696,80.0501,156.179
./white/face_dev_17174.png,4,166.358,149.973,141.115,135.119,134.126,137.051,13.4209,56.1311,143.202
./white/face_dev_17373.png,4,187.068,176.341,171.867,175.822,131.535,132.381,28.6749,26.0739,178.384
./white/face_dev_19065.png,4,210.878,197.427,173.89,189.003,129.985,146.175,18.9738,63.6352,198.379
./white/face_dev_17318.png,4,221.417,203.231,195.122,181.784,133.644,136.653,16.394,43.0761,191.495
./white/face_dev_16541.png,4,178.657,162.242,154.669,165.07,133.282,134.793,16.1788,40.4596,171.742
./white/face_dev_16514.png,4,194.13,175.9,158.894,172.937,133.782,142.099,14.9483,61.4903,184.682
./white/face_dev_15495.png,4,175.596,156.672,139.111,124.032,135.98,147.146,14.3785,101.869,139.255
./white/face_dev_16132.png,4,168.388,164.677,161.671,162.509,129.997,131.2,33.5113,18.3915,160.384
./white/face_dev_18222.jpg,4,197.988,188.265,181.669,182.004,131.225,134.01,15.4748,28.7536,185.224
./white/face_dev_17791.png,4,212.063,198.513,191.279,190.448,133.196,135.74,11.0877,37.1741,198.925
./white/face_dev_16673.png,4,178.869,154.667,138.666,148.06,136.158,142.537,11.8581,76.8701,163.435
./white/face_dev_18392.jpg,4,205.177,190.378,183.454,186.076,133.762,135.266,19.9106,37.3213,194.737
./white/face_dev_16232.png,4,168.333,167.654,170.086,145.03,131.31,130.089,68.464,17.5464,143.132
./white/face_dev_17079.png,4,157.306,139.189,121.513,148.388,132.776,140.816,14.6223,62.7764,156.485
./white/face_dev_18765.png,4,182.253,166.238,157.818,159.732,133.749,136.221,15.2989,45.7912,167.591
./white/face_dev_16533.png,4,201.272,191.419,182.397,179.042,131.126,136.428,14.6671,37.476,183.549
./white/face_dev_16547.png,4,153.516,136.923,126.08,135.475,133.598,137.615,11.817,58.5034,143.098
./white/face_dev_18289.jpg,4,190.055,183.94,176.355,179.792,130.063,134.397,19.4189,26.5858,180.553
./white/face_dev_16481.png,4,196.776,166.438,141.429,169.543,136.725,147.634,13.5398,84.7789,189.729
./white/face_dev_15860.png,4,156.85,150.201,140.303,140.781,130.075,135.398,18.0419,38.8572,141.256
./white/face_dev_16823.png,4,219.826,204.248,203.895,192.127,134.999,132.718,35.4211,30.2409,201.194
./white/face_dev_18367.png,4,151.783,141.802,132.646,137.599,130.777,135.421,15.808,41.4236,139.182
./white/face_dev_17209.png,4,164.554,155.81,144.76,138.989,130.938,138.025,16.8375,48.3641,141.788
./white/face_dev_16755.png,4,211.091,198.346,182.796,191.103,130.852,140.483,16.2956,47.8302,198.902
./white/face_dev_15971.png,4,178.583,174.411,173.07,165.846,130.381,130.786,42.1824,17.4767,164.141
./white/face_dev_18066.jpg,4,144.919,138.594,132.027,129.449,130.638,134.604,16.5749,42.1831,130.401
./white/face_dev_17762.png,4,201.409,182.316,178.451,183.195,135.168,133.451,33.907,35.9797,193.513
./white/face_dev_18328.png,4,202.631,189.967,176.082,184.717,131.126,139.019,15.6254,44.692,191.402
./white/face_dev_16144.png,4,219.09,197.577,185.177,193.339,134.115,139.028,11.7099,49.1874,206.432
./white/face_dev_16576.png,4,192.217,178.373,170.788,170.191,133.066,135.614,11.8872,40.8704,177.144
./white/face_dev_17390.png,4,201.735,181.994,159.289,178.037,133.342,145.834,15.963,70.4352,191.83
./white/face_dev_17869.png,4,173.507,153.152,132.326,140.226,134.14,146.104,15.159,87.7918,153.223
./white/face_dev_16794.png,4,200.029,192.117,188.524,188.297,131.074,131.953,25.5621,21.0377,190.053
./white/face_dev_16597.png,4,190.913,180.127,172.311,175.83,131.546,134.986,17.3095,32.9699,179.815
./white/face_dev_16574.png,4,198.08,186.195,176.001,176.615,131.574,136.907,14.0194,40.7856,182.344
./white/face_dev_16287.png,4,188.629,174.496,166.686,173.429,133.517,135.687,12.151,39.5414,180.787
./white/face_dev_18973.png,4,160.106,147.679,141.077,126.673,133.065,135.264,14.825,49.4343,131.91
./white/face_dev_18163.jpg,4,157.986,156.838,151.625,130.472,128.652,133.713,19.4512,30.143,127.202
./white/face_dev_18371.png,4,166.875,158.535,154.059,161.711,130.835,132.089,26.7355,23.9974,161.694
./white/face_dev_17768.png,4,197.717,174.539,159.493,179.274,135.086,140.276,11.7504,57.2345,193.157
./white/face_dev_16511.png,4,190.638,180.269,172.166,171.744,131.222,135.43,15.8566,36.1466,175.452
./white/face_dev_15608.png,4,189.432,159.662,148.222,155.597,140.023,140.912,10.0498,74.5975,176.354
./white/face_dev_16848.png,4,214.254,197.588,190.649,189.618,134.293,135.752,12.3463,39.5522,200.079
./white/face_dev_18454.jpg,4,143.964,138.082,134.036,123.667,131.483,133.501,21.3917,35.8168,124.813
./white/face_dev_16158.png,4,169.484,158.535,153.28,152.577,132.249,133.538,26.845,33.9157,155.557
./white/face_dev_18494.jpg,4,138.098,123.227,99.9593,116.045,130.757,145.231,18.2035,90.0045,122.545
./white/face_dev_16734.png,4,213.273,203.604,191.092,195.089,130.278,138.257,17.114,38.3476,200.388
./white/face_dev_17176.png,4,182.132,166.087,147.997,154.046,132.213,143.089,15.7551,68.4413,163.355
./white/face_dev_16862.png,4,154.267,149.575,146.347,143.31,129.751,131.552,34.4009,22.2192,140.949
./white/face_dev_16458.png,4,223.44,191.527,173.138,189.044,139.896,145.952,10.9023,77.4578,215.389
./white/face_dev_18899.png,4,153.219,138.453,126.738,127.247,132.66,138.365,14.0063,60.9577,133.489
./white/face_dev_15773.png,4,157.113,150.017,146.615,145.261,130.539,131.481,34.5485,24.4935,144.167
./white/face_dev_16875.png,4,203.346,188.707,173.057,176.807,132.138,141.744,15.7,57.3286,186.38
./white/face_dev_16523.png,4,181.977,175.294,164.594,167.474,129.414,136.623,18.3356,37.2707,168.525
./white/face_dev_18578.jpg,4,144.356,132.785,112.611,123.863,129.419,142.808,19.1697,73.4303,127.262
./white/face_dev_17438.png,4,164.188,146.784,127.537,126.019,133.476,145.568,15.7703,91.536,137.187
./white/face_dev_16830.png,4,201.527,188.825,188.342,179.114,134.654,131.6,55.8873,28.7756,186.117
./white/face_dev_15652.png,4,160.461,150.944,139.43,144.339,129.962,136.797,18.2313,43.5531,145.887
./white/face_dev_17805.png,4,182.159,162.834,145.443,154.453,134.322,143.242,14.1116,71.2767,166.76
./white/face_dev_18960.png,4,151.544,141.365,131.187,133.663,131.009,136.507,15.1245,46.5534,136.076
./white/face_dev_16492.png,4,211.431,182.68,158.695,182.757,137.106,147.765,13.4961,80.13,204.512
./white/face_dev_16160.png,4,213.57,198.987,188.493,191.596,133.286,138.04,12.3896,43.8936,201.675
./white/face_dev_16618.png,4,204.659,191.473,186.859,172.664,133.473,134.151,24.3607,36.2112,179.477
./white/face_dev_17058.png,4,138.689,132.075,117.587,132.643,128.212,138.692,21.6227,49.0903,132.152
./white/face_dev_16396.png,4,202.969,178.476,157.387,172.705,136.402,146.516,13.6589,78.7057,191.549
./white/face_dev_16556.png,4,206.966,188.702,172.178,177.475,133.561,142.784,14.3881,62.8978,190.364
./white/face_dev_16641.png,4,98.6043,87.5238,79.3277,88.2375,135.41,141.283,17.6563,95.6852,99.9182
./white/face_dev_16639.png,4,220.899,208.586,199.898,174.823,134.6,140.707,13.1174,58.0369,187.548
./white/face_dev_16826.png,4,200.411,182.691,173.337,181.954,133.934,136.613,11.9934,43.3926,191.883
./white/face_dev_16250.png,4,145.932,135.095,127.526,124.657,131.423,134.869,20.5998,44.6542,126.859
./white/face_dev_16122.png,4,156.709,137.007,118.11,129.943,134.086,143.947,14.6194,83.6292,141.189
./white/face_dev_16590.png,4,214.108,209.445,203.799,184.299,129.107,132.746,25.2932,20.3634,183.354
./white/face_dev_16728.png,4,192.42,159.649,126.265,164.872,136.586,152.499,15.1151,99.9834,186.654
./white/face_dev_17562.png,4,166.609,152.507,141.075,142.862,133.185,138.675,13.3587,56.5347,150.015
./white/face_dev_16620.png,4,217.335,209.151,204.309,190.182,131.129,134.71,17.439,28.8435,193.862
./white/face_dev_16379.png,4,153.443,140.234,125.647,127.918,131.641,140.206,15.6943,64.6386,133.463
./white/face_dev_17306.png,4,208.568,202.555,202.084,159.752,133.522,131.755,53.7741,28.0089,163.321
./white/face_dev_15655.png,4,174.351,163.7,147.37,158.31,129.741,139.972,18.048,51.679,161.66
./white/face_dev_16279.png,4,183.439,167.063,157.712,165.672,133.345,136.362,12.7307,44.7985,173.427
./white/face_dev_16729.png,4,199.644,187.861,175.121,180.394,131.227,138.5,15.895,43.5789,186.606
./white/face_dev_16750.png,4,195.798,183.226,170.783,179.41,131.223,137.802,15.0025,41.9074,185.117
./white/face_dev_18284.png,4,160.98,141.759,124.751,137.759,134.024,142.284,13.9734,73.6323,148.268
./white/face_dev_17106.png,4,179.877,177.564,177.018,155.931,131.135,131.754,34.1747,21.2424,155.168
./white/face_dev_15569.png,4,172.233,164.378,159.636,159.551,130.779,132.456,24.1736,25.0752,159.555
./white/face_dev_16517.png,4,193.464,186.538,176.555,174.752,129.401,136.389,18.4525,34.4165,176.02
./white/face_dev_16570.png,4,187.136,160.507,142.878,160.232,136.865,143.421,11.8304,74.8219,177.428
./white/face_dev_16266.png,4,206.996,188.904,178.353,180.67,134.437,138.336,11.015,50.1972,192.639
./white/face_dev_16285.png,4,176.716,161.119,151.875,162.101,133.195,136.206,12.1931,43.9627,169.131
./white/face_dev_16359.png,4,174.244,161.486,147.903,125.06,132.837,142.612,15.4163,77.9526,133.959
./white/face_dev_17144.png,4,217.524,210.629,206.287,178.893,132.414,135.111,18.6329,34.6096,184.308
./white/face_dev_16675.png,4,203.015,175.15,153.523,171.812,136.873,146.635,13.0961,81.0619,191.864
./white/face_dev_18331.png,4,217.488,199.542,182.88,193.58,133.188,142.177,14.254,56.1383,206.737
./white/face_dev_16814.png,4,217.585,198.348,193.397,189.237,134.831,134.237,15.9027,36.7868,199.921
./white/face_dev_19183.png,4,186.536,164.223,151.324,164.47,135.341,139.448,11.154,59.3844,177.615
./white/face_dev_15771.png,4,175.525,160.182,152.663,144.724,134.709,136.675,11.3006,52.089,153.471
./white/face_dev_16316.png,4,202.319,183.211,174.894,175.617,135.475,137.191,9.76517,49.1638,187.988
./white/face_dev_16564.png,4,185.333,170.575,158.055,165.224,131.951,138.136,14.2557,49.2327,172.004
./white/face_dev_17633.png,4,191.646,171.662,156.018,168.252,133.947,141.089,13.2463,60.7949,180.013
./white/face_dev_18118.jpg,4,163.199,143.786,123.699,132.985,133.846,144.829,15.1191,85.3731,144.72
./white/face_dev_15511.png,4,97.964,97.5134,91.008,113.842,136.78,145.46,17.8796,93.3803,129.063
./white/face_dev_19210.png,4,180.566,161.623,149.461,161.055,134.217,138.661,12.47,55.1538,171.296
./white/face_dev_16183.png,4,185.519,174.943,165.264,168.883,131.132,136.044,15.9561,38.0915,172.686
./white/face_dev_15535.png,4,168.017,149.597,133.958,139.754,134.224,142.018,13.951,72.7645,150.464
./white/face_dev_15718.png,4,158.084,149.805,145.253,133.721,132.103,133.523,19.3864,34.9125,135.651
./white/face_dev_18756.jpg,4,186.42,180.681,174.075,172.418,129.868,133.369,18.3587,24.92,172.167
./white/face_dev_17871.png,4,160.371,138.438,121.196,134.88,134.75,142.556,13.1255,79.4757,146.92
./white/face_dev_16543.png,4,212.571,187.165,172.297,185.205,136.693,141.67,11.0036,62.1025,203.512
./white/face_dev_16631.png,4,198.545,184.186,169.172,178.666,130.673,138.765,16.1624,45.1099,184.452
./white/face_dev_16419.png,4,166.331,168.278,168.203,151.993,129.262,130.577,32.9709,15.4642,147.863
./white/face_dev_18347.jpg,4,129.464,123.882,122.48,127.322,130.699,129.945,63.6754,18.845,124.653
./white/face_dev_17644.png,4,178.847,164.212,153.837,159.273,132.38,136.763,17.7523,45.7809,165.44
./white/face_dev_16582.png,4,203.103,192.83,184.438,182.236,131.128,135.419,14.8518,32.7375,186.223
./white/face_dev_18627.png,4,183.502,163.805,146.973,166.062,134.294,141.594,13.5394,61.8101,177.837
./white/face_dev_16657.png,4,186.431,183.141,181.164,154.874,131.936,131.714,43.9126,23.9119,155.508
./white/face_dev_15450.png,4,130.249,138.489,145.922,118.268,128.225,128.239,29.338,2.52113,110.408
./white/face_dev_16965.png,4,129.19,115.561,98.7287,125.861,130.473,139.286,16.5626,60.5334,129.16
./white/face_dev_16314.png,4,193.357,170.543,153.306,163.282,134.722,142.366,13.1051,69.0005,177.267
./white/face_dev_16835.png,4,207.068,191.264,185.688,186.909,135.023,135.134,19.5127,38.2888,197.313
./white/face_dev_18237.png,4,156.724,140.273,130.955,124.864,134.485,137.718,11.6891,63.0009,133.509
./yellow/face_dev_16637.png,2,227.688,206.647,186.941,173.901,138.852,154.761,14.4148,104.982,201.068
./yellow/face_dev_16594.png,2,178.37,147.107,116.435,140.166,138.059,154.024,14.7763,118.964,162.604
./yellow/face_dev_15492.png,2,168.895,142.425,110.891,137.225,135.381,153.005,16.2423,113.6,154.802
./yellow/face_dev_18092.jpg,2,158.436,139.211,119.998,126.041,134.355,144.721,14.7886,88.7517,138.381
./yellow/face_dev_18866.png,2,165.132,139.954,117.942,124.496,136.722,148.323,13.9632,107.694,141.669
./yellow/face_dev_16545.png,2,195.589,177.703,165.398,167.229,134.361,139.756,12.1747,57.8625,178.81
./yellow/face_dev_16357.png,2,187.17,163.099,138.509,163.15,134.98,147.171,14.9366,82.0583,179.196
./yellow/face_dev_18064.jpg,2,173.293,156.568,135.679,142.945,132.815,145.406,16.515,80.5291,153.634
./yellow/face_dev_17640.png,2,194.456,179.732,168.797,172.046,133.361,138.238,12.7649,48.164,180.812
./yellow/face_dev_18862.png,2,158.393,134.854,108.754,122.652,135.055,150.154,15.8145,112.611,137.926
./yellow/face_dev_15442.png,2,169.871,154.324,147.194,141.66,134.312,135.89,16.5451,50.0098,149.412
./yellow/face_dev_16037.png,2,122.112,99.9901,80.7289,98.2246,135.369,144.434,13.8873,105.836,111.175
./yellow/face_dev_16456.png,2,192.345,156.806,124.662,151.842,140.06,155.777,14.1455,119.62,178.901
./yellow/face_dev_16713.png,2,191.33,160.289,131.825,160.403,137.35,150.838,14.2483,98.0242,182.039
./yellow/face_dev_18228.png,2,174.907,160.532,161.405,150.747,135.198,130.527,86.7627,33.4211,156.823
./yellow/face_dev_17544.png,2,138.236,117.297,97.1815,108.656,134.702,145.311,14.6395,102.008,120.962
./yellow/face_dev_16770.png,2,202.429,184.318,164.232,176.524,133.442,144.9,15.528,67.8534,189.713
./yellow/face_dev_16053.png,2,167.037,136.328,109.218,127.311,139.381,152.517,13.8774,122.614,149.9
./yellow/face_dev_17604.png,2,169.282,143.706,121.647,132.659,136.781,147.893,13.9665,101.264,150.221
./yellow/face_dev_16409.png,2,181.305,154.064,130.092,147.137,136.903,148.777,13.9578,97.0404,166.087
./yellow/face_dev_16991.png,2,140.485,118.314,96.1104,105.557,135.041,147.299,15.0538,113.238,119.279
./yellow/face_dev_17226.png,2,160.133,155.871,145.056,146.008,128.015,136.111,20.5809,35.0541,143.467
./yellow/face_dev_16789.png,2,186.69,164.989,144.571,165.485,134.214,144.016,14.4559,70.4541,178.841
./yellow/face_dev_18129.jpg,2,185.145,173.539,171.488,170.59,132.874,131.493,47.396,26.3738,174.232
./yellow/face_dev_17380.png,2,169.996,140.694,108.854,136.238,136.572,153.602,15.586,118.269,156.027
./yellow/face_dev_16889.png,2,192.007,164.841,140.1,151.743,137.789,151.092,14.1917,102.58,173.22
./yellow/face_dev_16659.png,2,190.562,171.113,156.582,170.285,133.846,140.042,13.2676,56.4919,181.498
./yellow/face_dev_17142.png,2,182.131,169.754,156.58,167.908,132.085,138.953,15.4981,48.3892,174.577
./yellow/face_dev_17146.png,2,167.501,155.848,141.414,142.069,131.64,140.566,16.36,60.0798,147.664
./yellow/face_dev_17556.png,2,168.162,146.68,128.35,145.013,134.75,143.235,13.9461,75.5013,157.481
./yellow/face_dev_15604.png,2,168.719,142.517,139.85,131.656,140.922,135.844,69.165,70.8596,150.152
./yellow/face_dev_18561.jpg,2,130.947,117.554,95.6284,92.4032,131.219,146.657,18.4682,113.11,100.269
./yellow/face_dev_17821.png,2,142.805,134.063,111.003,130.881,128.297,143.867,21.7134,70.5133,132.759
./yellow/face_dev_18501.jpg,2,129.363,118.212,99.0568,85.8315,130.13,144.852,19.024,109.174,91.776
./yellow/face_dev_15606.png,2,190.408,160.087,126.97,143.898,138.768,158.375,15.6185,130.766,169.158
./yellow/face_dev_15513.png,2,153.092,129.13,105.854,124.674,135.596,147.394,14.7568,101.632,139.476
./yellow/face_dev_18180.png,2,166.865,138.846,114.297,123.239,138.981,151.535,13.8407,121.219,144.493
./yellow/face_dev_17223.png,2,165.096,160.372,160.831,131.17,132.882,131.657,53.1978,28.1027,132.524
./yellow/face_dev_16704.png,2,175.34,149.182,116.384,148.931,134.726,152.563,16.618,104.2,166.082
./yellow/face_dev_18686.png,2,139.141,125.818,111.806,109.385,131.911,140.258,15.4252,74.6616,115.236
./yellow/face_dev_19119.jpg,2,144.102,129.994,119.226,114.094,133.051,138.241,14.8081,67.6471,121.538
./yellow/face_dev_18826.png,2,166.865,140.299,116.416,126.43,138.167,150.445,14.0015,114.033,146.306
./yellow/face_dev_16437.png,2,189.892,159.586,129.61,151.905,137.881,153.746,14.7993,111.24,174.9
./yellow/face_dev_15925.png,2,185.783,164.854,150.235,156.921,135.841,141.823,11.9998,68.1639,171.194
./yellow/face_dev_16724.png,2,214.635,182.377,156.225,179.034,138.537,150.808,13.4524,92.0473,204.609
./yellow/face_dev_16098.png,2,170.015,150.084,122.747,140.236,132.395,149.397,17.2671,96.6429,152.26
./yellow/face_dev_15471.png,2,153.555,126.954,104.762,117.775,137.858,148.348,13.509,112.178,135.986
./yellow/face_dev_18845.png,2,147.545,126.279,107.429,119.074,135.388,144.624,13.9021,93.0941,132.161
./yellow/face_dev_18517.png,2,188.802,163.73,139.926,156.275,136.377,148.631,14.3841,91.1227,174.675
./yellow/face_dev_16822.png,2,207.344,186.136,176.877,179.75,136.628,138.291,9.30208,53.4432,194.915
./yellow/face_dev_16687.png,2,209.045,195.349,192.67,192.323,133.631,132.073,10.8385,26.1374,199.238
./yellow/face_dev_18793.png,2,163.496,143.33,123.489,122.941,134.886,146.583,14.8309,98.4686,136.409
./yellow/face_dev_17019.png,2,171.515,150.352,124.656,142.516,134.117,148.906,16.2926,94.7643,156.516
./yellow/face_dev_16895.png,2,197.389,178.193,159.801,170.91,133.611,143.537,14.4999,66.4813,183.511
./yellow/face_dev_17797.png,2,150.483,124.385,99.4957,117.495,136.503,149.205,14.6133,114.661,134.318
./yellow/face_dev_17828.png,2,161.189,134.454,106.744,129.475,135.854,150.482,15.2096,111.603,146.468
./yellow/face_dev_15702.png,2,173.811,149.754,125.322,140.386,135.19,148.635,15.0625,98.8301,156.176
./yellow/face_dev_18868.png,2,160.865,133.368,108.616,125.669,137.001,149.41,14.1789,110.954,143.712
./yellow/face_dev_16058.png,2,173.424,145.59,116.501,137.704,136.642,152.398,15.2417,113.214,157.047
./yellow/face_dev_18249.png,2,164.552,141.265,119.348,122.682,136.016,148.39,14.6512,107.815,138.777
./yellow/face_dev_16681.png,2,164.716,129.928,99.2526,133.203,139.03,152.709,13.9189,119.903,156.007
./yellow/face_dev_16663.png,2,194.49,168.938,149.993,159.375,137.2,145.838,12.702,83.0007,178.331
./yellow/face_dev_18510.jpg,2,129.445,120.787,102.336,89.8173,129.105,143.633,20.3417,96.1922,93.4227
./yellow/face_dev_16624.png,2,187.319,158.984,133.688,155.319,136.8,149.109,14.0601,94.9134,174.92
./yellow/face_dev_19167.jpg,2,215.222,216.764,214.305,201.694,127.985,133.141,18.7109,17.3553,199.949
./yellow/face_dev_16645.png,2,172.286,154.016,137.564,162.285,132.316,139.556,14.3318,55.2963,170.399
./yellow/face_dev_16329.png,2,179.213,142.867,113.914,148.442,139.029,150.999,13.2903,106.965,172.019
./yellow/face_dev_18148.png,2,166.936,135.347,105.581,134.861,137.96,152.249,14.4886,115.622,155.805
./yellow/face_dev_16381.png,2,205.998,177.992,150.974,171.353,136.344,150.939,14.7468,92.9963,192.79
./yellow/face_dev_16077.png,2,145.457,118.504,95.514,115.273,136.571,147.368,13.8173,109.446,131.481
./yellow/face_dev_15822.png,2,159.071,153.644,149.918,141.363,130.146,131.954,38.11,25.6489,139.613
./yellow/face_dev_15575.png,2,184.269,147.698,117.989,139.785,141.986,155.583,13.2955,127.785,168.099
./yellow/face_dev_16120.png,2,154.266,127.332,103.238,118.363,137.493,149.451,14.0572,115.677,136.652
./yellow/face_dev_17432.png,2,187.864,174.958,158.374,111.081,134.786,151.004,16.604,121.692,125.619
./yellow/face_dev_16649.png,2,207.248,187.239,166.544,150.5,136.508,152.729,15.2446,107.791,170.939
./yellow/face_dev_15862.png,2,149.737,140.048,132.133,122.064,131.651,135.749,14.1485,47.1015,124.886
./yellow/face_dev_16400.png,2,208.357,189.8,173.26,143.936,137.977,151.039,14.0277,107.115,165.201
./yellow/face_dev_15444.png,2,203.486,198.413,196.813,143.335,132.387,132.284,37.2297,31.2185,145.471
./yellow/face_dev_17795.png,2,140.022,109.745,79.3291,112.759,137.077,151.875,15.0429,128.302,131.148
./yellow/face_dev_16341.png,2,191.563,163.743,138.27,163.744,136.235,148.309,14.258,87.6307,182.626
./yellow/face_dev_18761.png,2,146.373,126.923,117.724,121.525,135.51,137.512,12.1227,65.4913,131.625
./yellow/face_dev_17285.png,2,158.624,122.491,106.13,122.642,142.695,145.533,9.2023,107.342,147.06
./yellow/face_dev_16331.png,2,180.76,156.192,134.802,148.923,135.569,146.118,13.9915,85.7027,165.281
./yellow/face_dev_18975.jpg,2,166.523,158.776,157.447,145.475,132.233,131.515,37.2625,26.4157,146.79
./yellow/face_dev_16471.png,2,221.988,189.057,164.604,190.586,138.956,148.68,12.6234,82.5927,216.8
./yellow/face_dev_17243.png,2,190.565,163.85,138.775,153.586,136.525,150.043,14.5775,98.1941,173.228
./yellow/face_dev_16700.png,2,176.159,146.871,120.991,142.337,137.663,150.066,13.907,104.454,162.572
./yellow/face_dev_15714.png,2,194.625,164.116,142.4,157.615,138.661,147.879,12.3981,93.9529,180.101
./yellow/face_dev_16873.png,2,177.231,164.296,153.182,148.043,132.769,138.664,13.7828,55.4613,155.231
./yellow/face_dev_19214.png,2,165.858,134.192,102.836,122.583,138.793,155.585,14.9702,136.94,145.433
./yellow/face_dev_16967.png,2,160.278,135.65,110.736,131.267,134.929,148.019,15.0587,100.288,145.977
./yellow/face_dev_16442.png,2,193.805,163.17,131.704,153.338,138.301,155.587,15.0412,116.084,177.655
./yellow/face_dev_17803.png,2,136.801,112.5,91.1978,106.839,136.521,146.69,13.9579,111.177,122.344
./yellow/face_dev_16197.png,2,176.296,144.085,113.277,142.463,138.021,153.127,14.5735,114.974,164.401
./yellow/face_dev_16735.png,2,199.038,171.402,148.257,165.974,136.918,148.097,13.4405,86.9798,186.053
./yellow/face_dev_17388.png,2,188.419,160.213,130.458,160.209,135.736,150.908,15.3173,96.0325,179.25
./yellow/face_dev_18451.jpg,2,167.708,143.379,120.62,139.795,135.324,146.477,14.3087,90.4526,154.668
./yellow/face_dev_17602.png,2,153.366,125.43,107.852,125.818,137.768,143.904,11.4706,91.9325,142.477
./yellow/face_dev_16118.png,2,173.852,150.846,126.216,142.825,134.482,148.232,15.5019,94.0589,157.502
./yellow/face_dev_18075.jpg,2,164.53,149.486,136.691,145.31,132.803,138.669,13.5829,56.685,152.57
./yellow/face_dev_17199.png,2,166.825,150.134,141.184,139.32,135.248,137.765,19.8849,57.1184,149.174
./yellow/face_dev_18235.png,2,176.171,151.257,132.203,122.918,138.93,149.037,13.0141,113.503,143.388
./yellow/face_dev_17342.png,2,145.758,132.213,118.392,119.544,131.678,139.627,15.0586,67.381,124.841
./yellow/face_dev_17809.png,2,166.926,142.124,118.326,131.108,136.62,149.166,14.5699,105.603,148.586
./yellow/face_dev_15635.png,2,170.239,155.61,142.695,145.51,132.626,139.258,14.1627,57.914,152.775
./yellow/face_dev_16715.png,2,174.374,142.198,110.244,135.964,138.169,154.785,14.9203,124.238,158.504
./yellow/face_dev_16722.png,2,218.901,185.151,157.182,181.192,139.265,152.73,13.5787,97.3474,209.195
./yellow/face_dev_18883.png,2,142.583,125.606,109.299,105.921,134.421,143.458,14.3006,93.1344,116.978
./yellow/face_dev_17013.png,2,157.266,136.492,116.772,119.953,135.125,146.112,14.5594,99.0552,133.403
./yellow/face_dev_16525.png,2,181.035,149.054,112.832,148.333,137.237,156.117,15.7855,119.158,170.804
./yellow/face_dev_15797.png,2,146.316,143.532,148.725,131.22,130.388,129.769,58.927,15.999,127.784
./yellow/face_dev_18275.jpg,2,159.703,126.208,99.055,134.703,138.191,149.255,13.4085,106.097,154.826
./yellow/face_dev_16447.png,2,205.632,170.902,138.246,168.541,139.132,155.22,14.4212,108.989,195.69
./yellow/face_dev_18614.png,2,153.362,121.425,97.4468,119.464,139.556,149.396,12.6698,118.214,140.747
./yellow/face_dev_18805.png,2,179.273,152.838,127.634,151.956,135.762,148.114,14.5673,90.877,169.006
./yellow/face_dev_15766.png,2,187.912,149.739,124.559,142.33,142.64,152.504,11.8993,118.391,171.143
./yellow/face_dev_16453.png,2,195.308,162.37,132.376,161.451,138.06,152.462,14.2706,103.332,185.145
./yellow/face_dev_16464.png,2,184.487,149.94,110.966,146.289,138.085,159.053,15.8892,130.808,171.172
./yellow/face_dev_15782.png,2,202.019,174.91,142.738,166.397,136.014,154.876,16.1742,105.442,188.176
./yellow/face_dev_18456.jpg,2,164.298,141.888,119.357,133.657,134.415,146.523,14.939,92.4387,147.06
./yellow/face_dev_16096.png,2,145.817,118.134,92.6065,117.322,136.536,148.817,14.3916,113.815,134.014
./yellow/face_dev_18860.png,2,151.115,132.066,110.011,122.105,133.421,146.255,16.2014,95.6623,133.138
./yellow/face_dev_17095.png,2,160.521,135.359,114.587,127.53,136.884,146.56,13.3794,99.4812,144.353
./yellow/face_dev_16765.png,2,176.292,160.307,140.264,142.83,132.274,145.455,16.6095,80.0353,152.597
./yellow/face_dev_16297.png,2,197.934,169.597,151.78,170.156,137.514,143.703,11.4144,74.0762,189.446
./yellow/face_dev_16427.png,2,183.942,154.09,127.461,148.962,137.849,150.813,14.0337,103.645,170.372
./yellow/face_dev_16949.png,2,158.49,135.021,125.101,128.254,137,138.51,9.17632,71.0828,141.778
./yellow/face_dev_18601.png,2,161.721,134.786,109.809,135.831,135.818,147.731,14.3753,98.2226,151.994
./yellow/face_dev_17766.png,2,167.196,149.076,140.369,136.244,135.465,137.603,14.3849,60.5887,146.531
./yellow/face_dev_17654.png,2,183.799,172.095,150.023,156.567,129.708,145.802,19.4749,71.3167,162.935
./yellow/face_dev_16772.png,2,180.785,155.026,130.365,156.62,135.33,147.124,14.561,85.2397,172.828
./yellow/face_dev_18106.jpg,2,162.399,144.485,120.927,126.646,132.795,147.793,16.8901,98.1349,137.797
./yellow/face_dev_16778.png,2,192.427,170.995,143.369,165.41,132.759,149.22,16.8556,84.7503,179.481
./yellow/face_dev_16074.png,2,152.811,129.83,107.271,122.864,134.711,146.629,14.8362,99.5008,136.329
./yellow/face_dev_17023.png,2,177.031,152.363,129.18,139.503,136.289,148.885,14.5485,100.106,156.948
./yellow/face_dev_15473.png,2,133.738,112.499,92.4593,106.157,134.713,144.976,14.4985,102.383,118.359
./yellow/face_dev_16377.png,2,210.639,183.782,160.594,171.907,137.245,149.874,13.9435,90.6965,194.242
./yellow/face_dev_18486.jpg,2,129.503,114.535,87.7744,109.018,130.164,147.282,19.2098,102.464,115.524
./yellow/face_dev_18744.png,2,167.841,151.458,143.22,132.274,135.139,137.482,11.5656,61.1113,141.94
./yellow/face_dev_18878.jpg,2,135.515,137.527,131.707,114.394,127.336,134.083,23.6069,30.5066,109.298
./yellow/face_dev_17015.png,2,149.144,121.491,96.2521,128.618,135.608,147.082,14.4105,99.3983,143.716
./yellow/face_dev_16033.png,2,150.039,127.867,107.325,114.271,135.415,146.438,14.4776,104.214,128.309
./yellow/face_dev_17396.png,2,173.479,145.494,119.313,131.909,138.274,152.139,14.3526,116.949,153.045
./yellow/face_dev_18202.png,2,185.979,158.382,137.691,152.777,137.333,146.48,12.7862,88.3481,171.689
./yellow/face_dev_16462.png,2,192.979,159.217,126.495,165.681,137.497,152.266,14.6447,99.6062,188.612
./yellow/face_dev_15507.png,2,174.88,149.566,128.238,140.508,136.938,147.299,13.5776,94.9406,158.042
./yellow/face_dev_16349.png,2,189.674,164.357,142.732,162.845,135.883,145.708,13.6322,81.7251,180.262
./yellow/face_dev_17368.png,2,179.279,152.889,123.714,147.381,135.122,151.262,15.7841,102.946,164.86
./yellow/face_dev_18397.jpg,2,179.579,154.395,130.152,148.16,135.748,148.08,14.595,92.7287,165.055
./yellow/face_dev_18582.png,2,175.556,160.764,147.86,157.08,132.065,138.394,14.8469,50.8885,163.394
./yellow/face_dev_16062.png,2,182.564,152.362,125.876,150.626,137.512,149.952,13.9214,99.9285,171.197
./yellow/face_dev_18401.jpg,2,168.849,143.661,120.71,128.928,136.592,148.706,14.2175,106.134,146.476
./yellow/face_dev_17617.png,2,183.687,157.586,134.44,152.803,136.111,147.5,14.0688,89.7245,170.331
./yellow/face_dev_16761.png,2,189.034,168.758,145.415,166.006,133.101,145.929,15.9856,74.599,178.741
./yellow/face_dev_15734.png,2,150.242,145.117,145.761,125.751,132.519,131.167,60.4766,25.9974,126.177
./yellow/face_dev_17540.png,2,143.482,123.165,104.281,120.515,134.176,143.544,14.4265,87.1502,131.391
./yellow/face_dev_16562.png,2,178.757,144.972,112.618,148.527,137.662,152.924,14.6392,110.65,170.62
./yellow/face_dev_15554.png,2,187.151,162.917,144.023,158.456,136.094,144.527,13.1063,77.3608,174.643
./yellow/face_dev_15697.png,2,169.88,155.104,145.742,145.852,133.127,136.814,15.5386,49.791,152.392
./yellow/face_dev_17021.png,2,157.097,138.745,114.846,117.315,133.184,149.069,16.9727,109.104,129.187
./yellow/face_dev_18812.png,2,151.659,124.882,102.296,121.678,136.541,147.083,13.7626,104.342,137.831
./yellow/face_dev_18620.png,2,164.114,135.62,107.286,135.342,136.157,150.292,14.9194,107.881,153.061
./yellow/face_dev_17852.png,2,183.03,162.618,141.563,143.351,135.034,147.856,15.142,92.7059,158.469
./yellow/face_dev_18839.png,2,167.953,147.178,124.815,123.471,135.615,149.547,15.6639,109.887,138.975
./yellow/face_dev_16017.png,2,137.441,123.698,113.3,114.984,132.561,137.257,14.8424,59.3683,120.53
./yellow/face_dev_16433.png,2,205.149,176.042,149.297,164.99,138.006,152.559,14.3053,102.078,188.941
./yellow/face_dev_17811.png,2,148.373,121.477,95.5621,119.369,135.993,148.946,14.7653,112.265,135.627
./yellow/face_dev_16629.png,2,160.714,133.3,108.433,128.367,136.645,148.894,14.179,107.263,145.841
./yellow/face_dev_17032.png,2,161.609,141.786,121.866,121.873,135.254,146.888,15.0176,100.089,135.769
./yellow/face_dev_18731.png,2,136.272,119.975,97.6866,106.656,132.197,146.28,17.2328,102.87,115.652
./yellow/face_dev_17834.png,2,176.948,151.636,130.276,144.654,136.185,146.57,13.7698,90.4066,161.281
./yellow/face_dev_16520.png,2,167.337,148.478,133.415,149.412,133.509,140.103,13.9079,63.1872,158.754
./yellow/face_dev_16753.png,2,200.144,187.644,172.458,149.573,132.767,145.708,16.2442,78.8714,160.408
./yellow/face_dev_17832.png,2,144.834,122.866,101.76,115.467,135.026,145.992,14.789,101.334,128.573
./yellow/face_dev_18795.png,2,164.573,142.094,119.876,130.108,135.197,147.429,14.8397,98.4714,144.745
./yellow/face_dev_16977.png,2,153.94,128.286,104.579,122.097,136.955,148.656,14.1971,108.547,139.242
./yellow/face_dev_15501.png,2,161.743,137.373,118.587,120.506,137.031,146.188,13.1196,103.424,136.921
./yellow/face_dev_15543.png,2,162.067,138.147,115.767,134.618,134.998,146.218,14.7577,93.3677,148.602
./yellow/face_dev_18563.jpg,2,127.791,116.543,93.5244,105.753,129.476,145.13,20.304,94.1529,110.179
./yellow/face_dev_17890.png,2,200.39,178.056,156.829,156.609,135.914,149.199,14.5714,93.4865,175.135
./yellow/face_dev_16694.png,2,207.921,199.947,183.535,158.184,128.688,146.89,20.188,73.4794,163.903
./yellow/face_dev_16488.png,2,200.532,172.431,148.624,160.343,138.608,150.7,13.5626,98.684,183.637
./yellow/face_dev_15707.png,2,167.916,143.904,119.102,132.399,135.587,149.431,15.1973,104.772,148.522
./yellow/face_dev_17815.png,2,205.704,195.9,182.812,144.229,132.097,145.926,17.0555,81.0177,153.927
./yellow/face_dev_16614.png,2,174.113,156.23,143.703,158.001,133.833,138.597,12.6558,53.8545,167.376
./yellow/face_dev_17536.png,2,148.518,131.899,115.588,108.752,133.792,143.565,15.0184,92.4573,118.904
./yellow/face_dev_15650.png,2,142.529,128.055,114.375,120.726,132.409,139.556,14.3326,67.5416,126.981
./yellow/face_dev_17266.png,2,168.11,151.521,141.351,144.316,133.834,137.445,21.609,53.4385,152.536
./yellow/face_dev_16796.png,2,205.351,189.422,171.537,178.588,131.924,142.956,15.8453,59.9663,189.338
./yellow/face_dev_16679.png,2,191.669,163.081,135.713,159.284,136.896,150.665,14.529,97.3192,179.918
./yellow/face_dev_16031.png,2,158.572,139.34,119.486,118.594,134.065,146.118,15.2322,98.8345,130.686
./yellow/face_dev_16431.png,2,183.836,154.233,132.86,150.98,137.89,146.816,12.5028,90.9328,170.969
./yellow/face_dev_16289.png,2,185.042,161.352,140.653,155.216,135.628,145.795,13.9059,82.9457,171.323
./yellow/face_dev_17813.png,2,156.07,141.55,129.261,128.287,134.841,141.253,35.8493,79.0813,139.534
./yellow/face_dev_16351.png,2,206.837,180.775,160.154,166.37,138.309,148.869,13.3134,91.5394,188.618
./yellow/face_dev_15533.png,2,167.338,140.062,118.021,128.504,138.696,148.991,13.2806,109.309,148.615
./yellow/face_dev_16398.png,2,186.617,157.301,128.601,148.438,137.211,152.664,14.8054,109.773,169.872
./yellow/face_dev_16164.png,2,170.594,142.819,120.84,129.827,138.536,148.978,13.119,108.732,150.049
./yellow/face_dev_16055.png,2,150.78,119.33,95.7833,116.828,139.365,149.118,12.7811,117.905,137.626
./yellow/face_dev_15828.png,2,218.884,177.479,127.523,180.817,139.642,164.906,16.1667,128.264,213.908
./yellow/face_dev_17883.png,2,148.51,130.163,112.29,118.857,134.059,143.726,14.8099,88.1966,129.519
./yellow/face_dev_16281.png,2,194.537,172.285,159.184,163.155,135.736,140.498,11.9683,64.647,177.803
./yellow/face_dev_18748.jpg,2,167.278,145.449,125.158,126.461,135.863,147.026,14.3232,99.5612,141.711
./yellow/face_dev_18843.png,2,152.786,123.588,102.193,121.223,138.59,147.285,12.6765,107.69,140.294
./yellow/face_dev_16043.png,2,162.384,131.197,105.343,128.989,138.995,150.473,13.4644,114.336,150.347
./yellow/face_dev_17878.png,2,167.207,141.682,119.286,129.201,136.566,148.127,13.9882,104.509,146.385
./yellow/face_dev_16195.png,2,155.039,124.305,103.511,109.417,140.613,149.184,11.9685,125.327,131.761
./yellow/face_dev_18856.png,2,169.824,149.422,126.156,139.828,133.621,147.145,15.9605,90.0721,152.426
./yellow/face_dev_18379.png,2,187.389,167.376,149.748,164.453,134.148,142.593,13.9801,66.0385,176.8
./yellow/face_dev_16300.png,2,184.382,164.18,148.227,163.754,134.447,141.265,13.0734,63.0734,176.016
./yellow/face_dev_15464.png,2,144.416,124.629,109.325,110.51,135.354,142.626,13.0462,91.6083,122.632
./yellow/face_dev_18822.png,2,158.324,135.721,112.617,130.145,134.91,147.085,15.0435,96.1883,144.078
./yellow/face_dev_15488.png,2,137.702,113.699,91.1911,110.374,136.243,147.208,14.4822,109.864,125.535
./yellow/face_dev_18399.jpg,2,188.563,166.025,142.977,154.101,134.643,147.771,15.1391,88.0594,169.811
./yellow/face_dev_15819.png,2,166.691,161.304,156.089,151.33,131.663,134.04,28.597,31.3976,152.922
./yellow/face_dev_16417.png,2,186.831,156.02,123.618,151.558,137.012,154.291,15.3292,112.806,173.476
./yellow/face_dev_16684.png,2,160.898,147.194,140.999,138.106,133.905,134.894,68.4546,43.9521,143.835
./yellow/face_dev_16572.png,2,206.833,185.667,165.784,158.946,136.742,149.962,14.4117,95.4455,179.13
./yellow/face_dev_17206.png,2,162.263,146.838,132.053,144.702,132.243,139.565,14.3562,58.342,151.539
./yellow/face_dev_17375.png,2,211.014,181.113,145.344,178.232,136.001,155.963,16.2779,103.114,201.714
./yellow/face_dev_17235.png,2,212.375,168.288,127.497,170.319,142.106,161.06,14.3549,127.413,204.804
./yellow/face_dev_18499.jpg,2,193.257,167.924,142.916,164.993,135.504,147.995,14.7205,84.7391,182.603
./yellow/face_dev_18068.jpg,2,168.792,146.86,126.39,143.417,134.396,144.43,14.3077,81.0364,156.225
./yellow/face_dev_16553.png,2,190.071,163.775,136.88,157.609,135.811,150.254,15.0618,95.6337,176.299
./yellow/face_dev_18122.jpg,2,165.616,144.186,119.549,138.038,133.652,147.249,15.9153,91.5009,150.837
./yellow/face_dev_16421.png,2,190.804,160.831,129.874,155.292,137.627,153.868,15.0479,109.022,177.941
./yellow/face_dev_18268.png,2,161.222,142.904,131.248,137.231,134.34,138.703,15.3652,61.9162,146.69
./yellow/face_dev_18818.png,2,181.036,158.692,137.07,142.054,135.73,148.137,14.7202,95.1334,158.383
./yellow/face_dev_15880.png,2,216.546,195.93,171.984,193.092,133.179,146.579,16.02,68.8055,208.618
./yellow/face_dev_18471.jpg,2,140.029,124.552,100.267,120.43,131.507,146.088,18.1198,90.7225,128.213
./yellow/face_dev_16049.png,2,180.325,154.983,131.229,142.728,136.672,149.431,14.4367,100.562,161.16
./yellow/face_dev_16429.png,2,196.027,164.708,138.233,159.56,138.051,150.831,13.813,100.094,182.578
./yellow/face_dev_15732.png,2,135.75,112.056,93.1848,98.1492,136.515,145.6,13.2687,114.623,113.277
./yellow/face_dev_17512.png,2,202.292,181.75,165.42,169.692,135.456,143.643,13.1325,70.2574,185.276
./yellow/face_dev_16580.png,2,202.186,172.848,151.169,174.781,136.993,145.783,12.7097,77.3731,194.78
./yellow/face_dev_18239.png,2,145.465,119.146,93.9566,116.36,136.711,149.06,14.5885,114.267,133.169
./yellow/face_dev_16979.png,2,152.149,129.246,106.772,115.59,135.264,147.702,14.8648,108.628,130.038
./yellow/face_dev_15527.png,2,145.681,125.978,109.824,102.746,136.615,144.84,13.3441,106.154,117.35
./yellow/face_dev_15475.png,2,170.042,145.012,118.908,128.809,136.111,151.354,15.3364,114.733,146.415
./yellow/face_dev_16445.png,2,193.921,159.907,124.684,158.911,138.277,156.07,15.113,115.195,184.034
./yellow/face_dev_16006.png,2,141.609,121.499,104.062,108.605,134.666,143.603,13.817,95.5533,120.356
./yellow/face_dev_16719.png,2,188.548,156.097,124.556,155.532,137.337,153.006,14.8046,106.98,177.893
./yellow/face_dev_17311.png,2,155.881,130.4,113.048,114.272,138.725,145.986,11.9803,106.785,132.678
./yellow/face_dev_18947.png,2,173.45,144.101,119.445,141.292,137.548,148.894,13.5958,101.074,160.793
./yellow/face_dev_16975.png,2,150.522,133.02,115.771,112.818,133.794,143.951,14.9202,92.2551,123.282
./yellow/face_dev_18506.jpg,2,108.955,97.895,77.6013,83.7144,130.562,144.209,19.3433,105.846,89.9231
./yellow/face_dev_16308.png,2,218.504,192.443,172.626,175.871,138.859,149.379,12.7992,90.7409,200.738
./yellow/face_dev_18484.jpg,2,133.309,117.788,95.9214,107.45,132.278,145.462,17.2748,97.1731,116.016
./yellow/face_dev_17393.png,2,182.849,155.69,129.796,142.442,137.438,151.577,14.6715,108.601,163.044
./yellow/face_dev_16068.png,2,164.886,138.654,113.493,122.99,137.617,151.294,14.5506,119.51,142.336
./yellow/face_dev_16405.png,2,170.134,145.949,140.055,147.339,137.737,135.978,31.3505,56.5555,161
./yellow/face_dev_16850.png,2,199.918,184.969,174.158,179.93,133.551,138.03,12.5778,45.8502,189.281
./yellow/face_dev_15743.png,2,211.553,185.624,160.777,184.922,135.27,147.6,14.5815,77.464,203.949
